Day fraction since midnight on 2/21/2021,2-3 μm,3-5 μm,5-9 μm,9-17 μm,17-33 μm,33-65 μm,Turb settled w/ blanket ()
0.002883236,265.31,233.96,567.05,1063.6,630.05,85.5,3.612499302
0.008670323,232.36,195.2,447.38,807.47,465.55,62.15,2.618486516
0.014457405,211.01,163.91,362.9899586,642.61,366.05,39.60963135,2.129797141
0.020244485,211.34,173.21,396.47,717.85,418.99,58.33,2.301703558
0.026031561,192.56,149.32,327.0700413,576.83,317.87,-4.29378E+12,1.803747005
0.031818637,193.6,150.04,330.19,590.52,332.51,42.73,1.860125761
0.037605707,186.26,139.28,297.15,518.77,277.97,33.48,1.590513023
0.043392776,170.57,118.08,232.82,384.44,198.01,23.12,1.139434988
0.049179842,164.82,110.45,214.61,357.52,193.64,23.57,1.090546105
0.054966903,162.2,107.85,208.67,360.16,199.48,25.48,1.160562725
0.060753966,168.63,115.93,229.05,376.16,180.39,20.17,1.038185637
0.066541025,164.82,109.7,202.75,309.89,138.72,14.86,0.836572909
0.072328081,152.34,92.94,157.82,231.33,105.3,11.96,0.667282077
0.078115135,143.74,86.58,139.86,205.52,94.76,10.94,0.614235848
0.083902189,139.82,81.81,132.45,196.01,94.12,-4.93E+35,0.588279379
0.089689242,134.45,75.63,111.04,155.89,71.05,-282129.78,0.476025671
0.095476293,132.87,73.6,103.62,143.28,67.5,8.37,0.473306032
0.101263341,135.04,75.95,112.87,169.28,88.62,11.82,0.594495266
0.107050389,133.08,73.45,110.45,162.93,83.74,10.47,0.538735042
0.112837435,136.2,82.87,142.7,245.57,143.67,5.85E+33,1.014174356
0.118624481,151.12,100.36,201.32,370.78,214.84,27.52,1.216705456
0.124411524,144.68,93.02,175.26,300.5,162.29,18.95000078,0.931788541
0.130198567,152.7,108.61,227.15,402.33,230.75,-5012.634959,1.484802549
0.135985608,138.76,84.14,150.89,250.17,135.53,16.76,0.781987009
0.141772651,132,79.69,136.91,215.57,107.25,-2.85E+26,0.642503091
0.147559692,128.34,73.36,115.3,173.72,82.34,9.33,0.521644935
0.153346729,125.65,67.78,99.6,139.26,66.3,7.72,0.428789199
0.159133768,118.19,61.78,81.6,108.49,49.3,5.56,0.358951966
0.164920807,118.93,60.03,77.42,99.18,48.34,5.72,0.330555557
0.170707985,125.4000001,69.8500001,107.7300001,172.8600001,96.8300001,-3.22E+24,0.573456562
0.176495314,127.43,72.41,118.14,190.9,101.9,12.73627808,0.6216982
0.182282638,129.95,74.15,117.53,182.16,92.66,10.48,0.560206708
0.188069943,123.59,68.44,102.6,150.75,71.07,7.54,0.432934544
0.19385723,118.27,60.34,80.21,110.5,52.91,5.8,0.351128314
0.199644504,131.81,78.91,131.65,191.02,93.73,11.96,0.710539568
0.205431761,114.71,54.88,65.67,83.88,39.91,4.74,0.295894562
0.211219006,117,59.46,79.63,114.38,59.21,32.92054688,0.392197097
0.217006258,125.28,67.34,100.43,153.1,78.8,9.13,0.965693964
0.22279352,134.33,78.74,127.97,195.15,102.53,13.08,0.766496477
0.228580768,125.38,65.23,91.11,132.63,66.12,2.93E+36,0.438362129
0.234368001,128.01,69.6,105.69,162.87,83.33,-1.09439E+11,0.525153884
0.240155222,122.38,65.15,95.64,139.79,67.88,15456345.63,0.439946435
0.245942432,124.96,67.12,101.02,146.76,71.69,8.33,0.508357165
0.251729632,117.43,60.81,83.22,115.08,53.8,2.31E+18,0.370420923
0.257516834,116.75,58.21,75.38,98.74,43.75,4.6,0.307623535
0.263304056,113.5,55.78,70.68,88.32,38.27,3.951328735,0.313949234
0.269091268,115.03,55.31,69.78,88.4,38.54,4.17,0.293808189
0.274878468,115.16,55.25,71.58,93.66,46.58,360.68,0.350896604
0.280665658,129.42,72.44,117.23,186.1,112.31,17.16,0.769564913
0.286452839,142.07,85.16,147.68,223.66,117.46,15.71000001,0.746775249
0.292240011,136.26,77.28,124.78,187.63,97.56,11.26745117,0.639430027
0.298027173,132.43,71.4,110.95,160.1,78.4,9.68,0.498559006
0.303814327,129.23,70.05,102.79,143.15,65.56,7.79,0.434026183
0.309601474,130.33,71.53,108.41,151.94,67.39,7.39,0.459272566
0.315388614,126.97,66.38,100.18,138.63,61.92,6.97,0.425164661
0.321175745,122.43,63.64,92.16,129.77,58.03,6.81,0.443629319
0.326962872,122.25,61.7,87.78,120.82,52.41,5.68,0.397746148
0.332749992,126.16,65.92,99.78,144.34,68.09,8.27,0.445801298
0.338537109,122.88,62.87,93.34,139.69,66.42,7.64,0.437764992
0.344324218,126.94,66.55,103.54,155.74,79.9,10.06,0.511532331
0.350111322,134.67,71.39,112.9,169.84,85.49,10.75,0.62612153
0.355898424,135.83,75.23,117.85,178.91,91.34,2.11E+29,0.562264713
0.361685518,137.39,75.52,118.54,169.48,79.66,9.15,0.487417623
0.36747261,130.88,66.89,95.67,126.73,53.99,5.26,0.385750814
0.373259697,133.14,65.91,91.05,118.34,53.18,6.1,0.494585355
0.37904678,127.02,62.67,82.31,104,43.8,4.7,0.304625683
0.384833863,123.04,58.4,72.99,89.73,38.16,1.71E+32,0.280642194
0.39062094,131.12,65.76,96.95,145.44,78.21,10.74,0.496559544
0.396408014,134.36,70.05,110.78,172.01,90.83,11.08,0.5462881
0.402195087,133.12,69.6,108,163.02,82.57,9.41,0.497173762
0.407982156,127.84,64.22,93.78,135.63,67.12,8.120317688,0.429227681
0.413769222,125.35,60.11,82.18,110.79,49.49,5.34,0.331631572
0.419556287,123.3,57,70.98,89.94,37.92,-43164756865,0.271028017
0.425343349,121.0900001,55.9300001,69.0800001,87.9300001,38.5000001,-7.96E+29,0.379110855
0.431130409,125.38,57.15,68.83,84.15,36.75,3.9,0.271088501
0.436917466,123.53,56.12,67.56,86.35,40.42,1.09E+16,0.285868979
0.442704525,129.11,60.83,83.36,121.05,62.31,7.93,0.400138039
0.448491579,134.15,68.81,104.87,154.82,72.98,8.06,0.459683216
0.454278629,127.71,62.26,84.68,113.97,51.34,5.81,0.341044834
0.460065682,151.51,87.67,154.86,260.02,157.7,25.3,0.934101754
0.465852732,171.31,110.85,219.71,359.06,185.31,23.73,1.041760556
0.47163978,208.63,165.23,385.95,650.67,325.48,42.94,2.087018472
0.47742683,169.04,111.91,227.28,344.66,138.31,-339.78375,0.847918195
0.483213876,163.42,103.44,205.04,308.03,124.01,12.49,0.74837711
0.489000921,151.95,89.22,164.22,239.28,94.03,9.3,0.576340071
0.494787964,144.48,81.75,141.88,208.52,84.69,9.03,0.521672743
0.500575008,61.56,58.22,149.72,324.26,380.53,245.57,6.686230581
0.506362048,42.79,58.47,158.1,347.76,507.08,421.13,87.90313604
0.51214909,3.02,1.25,0.36,0,0,0,37.28614966
0.517936129,0,0,0,0,0,0,17.16525986
0.523723167,0,0,0,0,0,0,15.35495553
0.529510205,248.2,277.38,279.73,216.11,220.59,114.25,60.66029589
0.535297243,1657.22,1051.49,1332.71,1475.85,970.44,360.99,19.3109613
0.541084287,537.72,312.31,271.51,127.42,28.68,2.83,1.681281356
0.546871363,9.75,9.71,19.57,24.37,7.98,0.6,2.052382201
0.552658665,1005.11,554.37,584.48,399.01,113.4,15.24,1.915598182
0.558445997,1280.54,589.2,456.59,194.34,40.16,-1.15E+21,0.547168014
0.564233309,1311.4,629.39,505.2,223.41,49.7,4.89,0.592476109
0.570020605,1216.010042,614.39,518.57,231.25,47.04,-1268357526,0.580735975
0.575807884,1016.39,528.11,456.19,185.38,27.99,1.84,0.453277083
0.58159515,820.11,437.04,382.07,140.32,13.21,0.56,0.335699955
0.5873824,775.14,416.01,356.59,122.69,10.28,0.2,0.299427126
0.593169663,758.28,401.93,338.93,112.54,9.97,0.28,0.284210489
0.598956925,733.79,383.85,315.74,103.08,10.36,0.59,0.277125324
0.604744174,648.77,333.15,264.87,81.8,8.07,-2.00E+35,0.241134674
0.610531407,502.73,246.95,188.48,56.21,5.66,-1267015352,0.190925401
0.616318628,395.57,186.95,137.37,40.49,4.01,0.05058888,0.15787652
0.622105842,333.95,154.73,111.79,32.09,3.26,0,0.137106292
0.627893039,265.43,118.89,82.56,22.5,2.29,0,0.116481597
0.633680229,233.93,102.67,71.17,21.87,4.44,0.77,0.122895777
0.63946741,233.25,103.61,73.61,24.33,5.78,-43164421324,0.13594509
0.645254581,189.57,82.18,56.66,17.5,3.83,0.39,0.109791904
0.651041744,172.95,72.79,47.32,13.9,2.4,0.24,0.095541077
0.656828898,168.02,69.05,43.73,12.22,2.32,0.13,0.094200417
0.662616046,325.78,153.05,121.79,65.06,23.43,2.73,0.234607886
0.668403186,699.84,382.04,380.47,244.58,83.01,9.58,0.615600813
0.674190318,1058.959958,576.79,543.64,326.29,111.68,73822.51,0.745206584
0.679977445,1155.84,849.48,850.9,508,177.69,15.91,4.457735629
0.685764568,19.35,18.68,36.52,35.98,8.3,0.91,5.55021182
0.691551683,1690.21,1031.51,920.94,492.01,145.78,17.12,2.716296753
0.697338794,0.05,0,0,0,0,0,1.190356292
0.703125901,0.2,0.15,0.05,0,0,0,0.961267751
0.708913,257.07,129.56,89.64,36.8,12.2,1.59,0.94735029
0.714700097,1107.029958,548.8400001,414.4200001,166.7800001,40.4200001,6.82E+26,0.44036666
0.72048719,959.65,461.6,342.35,131.63,30.38,1.22,0.350731113
0.72627428,727.87,351.31,264.11,95.61,18.31,0.86,0.276846316
0.732061366,1129.27,593.04,545.8,280.22,87.16,20.92,1.342825674
0.737848448,2103.747475,1141.838384,1128.858586,631.4742268,203.0618557,49.32989691,3.234942393
0.743635528,3020.575758,1672.91,1633.171717,875.3232323,260.2121212,57.8,4.257229152
0.749422603,3068.474747,1639.67,1519.79,759.2121212,206.5757576,43.06,3.649184321
0.755209678,2935.93,1506.76,1338.19,632.64,164.9,33.24,3.130177379
0.760996749,2737.37,1363.23,1177.29,539.18,135.77,27.16,2.76104212
0.766783817,2517.82,1218.41,1024.45,457.8,109.99,22.64,2.436570967
0.772570883,2348.59596,1111.737374,918.4444444,400.6767677,94.54545455,19.38,2.189362819
0.778357945,2225.72,1027.272727,835.2626263,361.6969697,86.14141414,19.81,2.158365113
0.784145008,2104.31,958.16,763.04,328.58,78.92,19.37,1.971246604
0.789932067,1988.39,888.08,711.41,302.38,73.42,18.81,1.944051528
0.795719125,1880.66,832.7676768,654.3939394,277.1818182,65.90909091,17.17,1.780152607
0.801506181,1783.18,782.03,608.99,258.66,61.44,16.87,1.709274024
0.807293235,1700.363636,735.989899,572.1515152,240.1010101,56.47474747,15.54545455,1.618996882
0.81308029,1612.92,693.67,537.86,223.42,52.21,13.95,1.540688319
0.818867341,1541.26,659.2424242,512.4545455,211.969697,48.83838384,14.49494949,1.483783816
0.824654393,1479.07,629.22,481.41,196.35,44.1,12.32,1.355030035
0.830441443,1394.959596,591.040404,456.0909091,188.4444444,44.02020202,14.14,1.371979835
0.836228491,1314.92,554.4,431.23,176.08,40.99,13.71,1.332577907
0.842015536,1260.86,531.17,413.88,170.46,39.91,13.15,1.277050145
0.847802583,1206.73,507.89,393.12,161.17,36.19,11.62,1.219310569
0.853589628,1148.83,482.29,376.35,154.94,35.07,11.48,1.168053115
0.859376671,1106.76,462.35,360.43,146.5,33.16,10.61,1.102896903
0.865163715,1052.333333,439.1818182,343.0707071,138.1919192,30.4040404,10.37373737,1.13165756
0.870950757,1014.919192,424.1111111,333.5050505,135.3838384,29.35353535,10.67,1.084530604
0.876737799,962.6600001,405.6800001,325.1800001,134.0600001,30.1700001,11.4500001,1.077564473
0.882524841,913.52,384.57,304.6,121.94,26.63,9.98,1.351158345
0.888311885,893.1616162,375.1212121,298.989899,120.1919192,26.21212121,10.66666667,1.020224099
0.894098924,858.3434343,362.6565657,293.1818182,120,26.66666667,11.27272727,1.023044534
0.899885965,821.16,345.08,279.72,111.8282828,24.1,10.23,0.962440154
0.905673006,796.02,336.56,275.6,108.45,22.03,9.58,0.948575464
0.911460047,775.6767677,333.1515152,272.989899,110.020202,23.36363636,10.32323232,1.033317973
0.91724708,738.7575758,314.030303,257.0808081,98.62626263,19.27272727,8.222222222,0.853311416
0.92303412,714.4949495,307.8888889,252.7979798,97.35353535,19.02020202,8.19,0.829445629
0.92882134,681.69,292.72,243.3,92.9,16.56,7.89,0.798230014
0.934608694,645.2525253,279.6565657,232.1818182,86.90909091,15.17171717,7.24,0.76754168
0.940396029,600.3061224,259.4897959,211.1326531,74.90816327,11.91836735,5.908163265,0.714673341
0.946183349,569,247.71,201.39,71.13,11.47,6.02,0.679052636
0.951970652,538.18,230.47,188.68,62.7,9.45,5.05,0.644270496
0.957757938,506.91,217.6,177.51,59.78,8.868686869,4.69,0.613589351
0.963545217,484.74,210.19,170.55,58.34,10.65,5,0.624449789
0.969332522,466.3939394,197.4040404,159.989899,50.29292929,6.060606061,3.333333333,0.520794703
0.975119827,431.88,190.11,155.17,47.47,5.6,3.36,0.513486951
0.980907113,414.7272727,180.5858586,146.6767677,43.14141414,5.02020202,2.97979798,0.48591277
0.986694387,392.6363636,170.9393939,139.2020202,40.25252525,4.313131313,2.65,0.457915474
0.992481646,374.2653061,163.6734694,132.8367347,37.85714286,3.785714286,2.595959596,0.451856123
0.998268892,356.63,155.37,123.64,33.72,3.35,2.52,0.441066496
1.004056128,338.43,145.06,114.48,30.74,2.93,2.09,0.403464767
1.009843382,317.25,138.72,110.39,28.14,2.42,1.87,0.391838433
1.015630633,300.92,133.78,104.44,26.45,2.42,1.82,0.4102495
1.021417876,296.37,127.87,99.18,25.11,2.27,1.82,0.364961844
1.027205105,283.21,125.94,96.75,23.43,2.02,1.65,0.354230944
1.032992324,271.31,120.83,94.6,21.81,1.73,1.49,0.329115211
1.038779532,263.6326531,117.6632653,91.59183673,20.89795918,1.93877551,1.747474747,0.343806187
1.044566732,252.02,111.52,86.48,19.92,1.63,1.28,0.319306109
1.050353921,237.91,107.5,82.78,18.12,1.7,1.59,0.321952987
1.056141101,227.82,102.63,79.13,17.07,1.24,1.21,0.291372677
1.061928274,221.5102041,100.6530612,76.82653061,15.51020408,1.510204082,1.295918367,0.300998907
1.06771544,217.979798,100.2626263,75.97979798,16.09090909,1.353535354,1.5,0.304236547
1.073502598,212.7653061,98.04081633,73.78571429,14.40816327,1.081632653,1.222222222,0.275714612
1.079289749,204.6326531,94.70408163,70.44897959,13.95918367,1.214285714,1.12244898,0.27409734
1.085076894,202.7676768,94.55555556,70.27272727,14.65656566,1.272727273,1.363636364,0.474353287
1.090864034,202.6326531,92.57142857,69.90816327,15.28571429,2.959183673,1.653061224,0.31629382
1.096651168,193.628866,90.43298969,66.02061856,12.62886598,1.010309278,1.111111111,0.257779832
1.102438296,188.16,86.37,63.27,11.69,1.09,1.25,0.255424583
1.108225421,179.73,83.13,61,11.1,0.94,1.05,0.2464882
1.114012541,178.64,83.12,60.56,10.67,1.04,1.08,0.241829677
1.119799656,172.0909091,80.48484848,58.11111111,10.15151515,0.858585859,1,0.23437154
1.125586767,170.02,78.93,56.55,9.54,0.95,1,0.230860103
1.131373873,164.22,75.37,54.44,8.97,0.9,0.94,0.213964879
1.137160977,160.6565657,74.33333333,53.06060606,8.595959596,0.818181818,1,0.213499967
1.142948076,157.0707071,72.2020202,51.71717172,8.474747475,0.97979798,1.050505051,0.216624157
1.148735175,153.6464647,70.52525263,48.45454556,7.94949505,1.03030303,0.98989899,0.230772656
1.154522268,151.33,69.01,48.76,7.77,0.91,1,0.207657836
1.160309362,147.5510204,68.98979592,48.06122449,7.408163265,0.734693878,1.04040404,0.214464658
1.166096448,147.02,67.6,46.71,7.03,0.75,0.92,0.237931364
1.171883535,142.41,66.79,44.8,6.82,0.78,0.96,0.199571916
1.177670618,142.3333333,65.03030303,44.56565657,6.787878788,0.808080808,0.949494949,0.193126507
1.183457703,140.7979798,64.29292929,43.58585859,6.414141414,0.575757576,0.9,0.195020823
1.189244781,144.19,65.01,43.07,6.67,0.68,1.1,0.186032297
1.19503186,140.07,63.41,42.59,6.39,0.75,0.9,0.186712248
1.200818935,137.83,61.71,41.21,6.13,0.61,0.78,0.181454885
1.206606011,139.1616162,61.90909091,40.86868687,5.949494949,0.717171717,0.9,0.178014585
1.212393082,141.87,60.53,40.22,6.35,0.83,1.05,0.18393443
1.218180153,143.01,59.29,38.28,6.25,0.93,0.91,0.191752332
1.223967223,139.7272727,59.96969697,37.74489796,5.454545455,0.74,1.050505051,0.196450439
1.229754293,140.46,58.3,37.85,5.78,0.95,0.92,0.183672984
1.235541361,138.4600001,58.5800001,38.2100001,5.6700001,0.9,1.0600001,0.185138537
1.241328426,140.95,59.59,38.56,6.2,1.17,1.16,0.198278711
1.247115491,140.4545455,59.25252525,39.24242424,5.919191919,1.04040404,1.27,0.191925152
1.252902555,141.77,59.87,38.73,5.45,0.88,1.05,0.183063586
1.25868962,146.91,62.4,39.7,5.64,0.85,1.05,0.187700421
1.264476682,148.35,63.94,41.14,6.04,0.94,1.2,0.195576104
1.270263745,152.6767677,64.09090909,41.68686869,6.090909091,1,1.151515152,0.216276655
1.276050801,152.26,64.58,41.55,6.01,0.96,1.05,0.194224283
1.281837862,152.82,66.55,43.8,7.02,1.27,1.48,0.198631423
1.28762492,159.1414141,69.77777778,46.05050505,7.333333333,1.363636364,1.39,0.204182439
1.293411979,158.01,69.86,45.08,6.24,0.84,1.19,0.191267311
1.299199033,164.2244898,73.09183673,47.7755102,6.632653061,0.908163265,1.161616162,0.186427841
1.304986095,176.010101,80.92929293,51.93939394,7.01010101,0.8,1.161616162,0.188503604
1.310773353,189.91,87.37,56.49,7.75,0.95,1.04,0.190310513
1.316560646,198.7474747,91.09090909,60.15151515,9.696969697,2.333333333,1.353535354,0.211872198
1.322347923,216.04,103.72,75.51,8.57,1.74,22.51,0.459173764
1.328135186,198.1919192,91.61616162,58.7979798,7.606060606,0.89,24,0.201165461
1.333922435,191.78,88.77,56.56,7.23,0.79,24,0.184435144
1.339709678,178.77,81.77,52.75,6.84,0.9,17.51,0.192607701
1.345496933,174.41,79.29,50.53,6.58,0.85,1.17,0.192963039
1.35128418,164.4646465,74.07070707,48.03030303,6.232323232,0.848484848,1.2,0.186702804
1.357071413,171.1010101,78.23232323,51.27272727,7.393939394,1.252525253,1.63,0.2182095
1.362858637,177.34,80.21,52.86,7.57,1.17,1.34,0.206557299
1.368645847,176.6161616,81.83838384,53.32323232,7.767676768,1.191919192,1.676767677,0.204790817
1.374433051,183.81,84.71,54.5,7.4,1.15,1.47,0.219671379
1.380220245,187.9191919,85.33333333,55.98989899,7.484848485,1,1.4,0.208009178
1.386007458,191.88,87.25,57.45,8.16,1.15,1.35,0.204187478
1.391794669,194.34,87.39,56.04,7.65,1.07,1.26,0.206784788
1.397581868,188.91,85.44,55.09,7.36,1.12,1.36,0.190169183
1.40336906,188.62,83.94,53.68,7.35,1.12,1.33,0.198342498
1.409156243,184.4545455,84.14141414,54.53535354,7.464646465,0.97979798,1.58,0.201986275
1.414943418,186.4242424,84.24242424,54.04040404,7.080808081,1.060606061,1.515151515,0.199279572
1.420730585,185.94,84.89,54.71,7.48,1.1,1.75,0.214091953
1.426517741,191.0816327,88.83673469,57.40816327,7.295918367,1.040816327,1.535353535,0.195029062
1.432304894,191.6326531,90.78571429,59.17346939,8.142857143,1.112244898,1.46,0.197114954
1.43809204,190.57,91.1,58.59,7.68,1.16,1.41,0.202426991
1.44387918,185.54,88.37,57.84,7.61,1.1,1.38,0.199724411
1.449666314,184.6,88.86,57.6,7.82,1.1,1.72,0.211281221
1.455453441,183.3535354,88.60606061,57.48484848,7.393939394,1.141414141,1.63,0.211971063
1.461240566,180.91,87.79,57.5,7.31,1.11,1.66,0.206616282
1.467027687,179.9494949,86,55.09090909,7.272727273,1,1.434343434,0.193233538
1.472814798,176.19,85.58,55.07,7.31,1,1.43,0.19535087
1.478601908,178.5408163,86.86734694,56.16326531,7.224489796,1,1.44,0.184717292
1.484389015,185.628866,91.80412371,59.75257732,7.886597938,1.144329897,1.432989691,0.193137374
1.490176117,195.7373737,96.22222222,62.87878788,8.838383838,1.313131313,1.64,0.218577112
1.495963216,198.95,97.52,63.84,8.27,1.21,1.72,0.204836252
1.501750313,208.47,103.94,71.63,14.16,1.35,2.18,0.370464429
1.507537405,209.48,103.21,66.39,8.87,1.68,2.19,0.203377861
1.513324494,213.08,104.65,66.77,9.05,1.2,1.86,0.211518476
1.519111583,216.03,104.81,65.33,8.29,1.22,1.82,0.208225774
1.524898667,214.44,105.63,67.17,8.28,1.11,1.77,0.209478246
1.53068575,215.46,104.92,67.86,8.56,1.18,1.66,0.202733342
1.536472829,212.13,103.98,65.98,8.41,1.09,1.67,0.206700165
1.542259907,209.6464646,102.6161616,66.13131313,8.757575758,1.161616162,1.444444444,0.197622979
1.548046982,211.8673469,104.8163265,68.19387755,10.48979592,2.632653061,2.070707071,0.223832142
1.553834057,215.8585859,105.7575758,67.33333333,8.898989899,1.585858586,2.050505051,0.207704988
1.559621131,215.2323232,105.989899,67.51515152,8.747474747,1.272727273,1.696969697,0.200247421
1.565408199,213.2424242,104.4444444,66.14141414,8.525252525,1.191919192,1.747474747,0.203230693
1.571195271,208.92,101.68,65.14,8.83,1.4,1.94,0.213077645
1.576982339,204.34,100.68,64.83,8.57,1.3,1.75,0.206393094
1.582769404,201.99,99.08,63.5,8.18,1.17,1.91,0.197420339
1.588556468,204.1313131,101.6767677,64.50505051,8.464646465,1.212121212,1.828282828,0.204609254
1.594343532,211.3535354,104.0909091,66.16161616,9.333333333,1.757575758,2.47,0.214370504
1.600130595,214.84,105.54,67.45,9.34,1.5,2.11,0.210348862
1.605917657,214.23,105.91,68.32,8.62,1.11,1.74,0.210462086
1.611704719,213.2424242,104.8989899,66.45454545,8.313131313,1,1.79,0.208672708
1.617491777,213.040404,105.8787879,67.94949495,8.858585859,1.626262626,2.09,0.218483129
1.623278838,217.4387755,107.8061224,69.64285714,10.01020408,2.204081633,2.606060606,0.2255892
1.629065895,212.32,105.91,67.35,9.57,1.65,2.43,0.218958283
1.634852951,206.5208333,102.25,65.15625,8.739583333,1.322916667,2.041237113,0.199416647
1.640640009,207.49,103.5,66.57,9.12,1.33,2.25,0.207575591
1.646427063,214.2222222,105.5050505,69.17171717,9.616161616,1.919191919,2.171717172,0.216577744
1.652214116,217.45,108.31,70.41,9.83,1.9,2.12,0.218390702
1.658001172,202.7628866,99.90721649,63.48453608,8.371134021,1.257731959,2.103092784,0.242530373
1.663788226,185.83,93.57,58.88,7.99,1.27,2.13,0.208530475
1.669575279,181.93,89.96,57.68,8.15,1.54,2.27,0.209385157
1.675362327,180.74,89.63,57.52,8.62,2.19,2.71,0.22870421
1.681149368,177.62,89.25,57.52,8.83,2,2.18,0.223303897
1.686936518,181.45,90.37,58.29,8.32,1.52,2.06,0.205814651
1.692723837,189.05,93.99,62.11,9.45,2.32,2.4,0.236084024
1.698511142,188.8181818,94.4040404,60.94949495,8.565656566,1.717171717,2.575757576,0.230850482
1.704298432,186.75,92.8,60.64,8.51,1.92,2.57,0.230433164
1.710085709,186.010101,92.82828283,59.54545455,8.04040404,1.303030303,1.99,0.210849051
1.71587298,192.4646465,95.84848485,60.75757576,7.939393939,1.303030303,1.94,0.213501221
1.721660262,191.63,95.68,61.16,8.03,1.15,1.9,0.212395823
1.727447529,190.99,94.96,62.16,8.62,1.45,1.98,0.211752874
1.733234787,191.3535354,94.98989899,61.45454545,8.858585859,1.727272727,2.232323232,0.264269945
1.739022029,206.88,104.68,73.85,17.35,6.46,4.32,0.27825545
1.744809259,215.9191919,112.1919192,83,23.15151515,9.353535354,4.77,0.303612794
1.750596478,208.29,106.61,75.08,16.35,5.2,2.79,0.265319986
1.756383685,199.5,99.83,67.69,11.98,3.25,2.2,0.223148349
1.762170883,201.5959596,100.3434343,67.84848485,11.8989899,3.131313131,2.242424242,0.229826723
1.767958073,206.2755102,103.5,67.43877551,9.887755102,1.836734694,2,0.202202879
1.773745253,218.73,108.69,70.57,9.97,1.33,1.95,0.199096754
1.779532425,231.6969697,117.6565657,79.76767677,12.09090909,1.4375,1.89,0.377285578
1.78531959,228.1938776,113.1530612,73.2755102,9.397959184,1.326530612,1.949494949,0.217185701
1.791106746,226.05,111.63,71.76,9.18,1.25,2.15,0.222780238
1.796893902,225.47,111.11,70.4,9.21,1.19,2.03,0.210385337
1.80268111,220.8585859,108.8181818,69.2020202,9.181818182,1.252525253,2.191919192,0.220151577
1.808468322,214.4141414,106.2727273,67.75757576,8.636363636,1.393939394,2.25,0.214469098
1.814255525,216.2020202,107.3030303,67.26262626,8.717171717,1.303030303,2.383838384,0.213951176
1.820042721,220.48,107.72,68.73,8.85,1.65,2.34,0.219860275
1.825829904,222.4848485,109.4949495,69.82828283,8.888888889,1.333333333,2.31,0.217912884
1.831617079,219.6868687,108.4343434,69.35353535,8.646464646,1.222222222,2.171717172,0.224663577
1.837404248,218.05,107.71,67.6,8.53,1.15,2.06,0.208310606
1.84319141,219.38,108.18,68.94,8.34,1.05,1.88,0.206058656
1.848978563,222.4040404,109.6969697,69.22222222,8.808080808,1.171717172,2.131313131,0.206771976
1.85476571,220.35,107.9,68.4,8.64,1.17,1.99,0.209725703
1.86055285,217.8080808,107.8080808,67.87878788,8.494949495,1.151515152,2.11,0.20857176
1.866339986,223.48,110.73,69.76,8.66,1.14,2.1,0.206653965
1.872127114,225.0606061,111.2828283,70.58585859,8.808080808,1.515151515,2.32,0.235086417
1.877914238,225.5353535,112.1717172,70.4040404,9.444444444,1.878787879,2.494949495,0.232070383
1.883701359,219.23,107.19,67.86,8.93,1.56,2.35,0.229148617
1.889488473,214.91,106.47,67.63,8.38,1.31,2.04,0.217661624
1.895275583,210.8673469,103.6428571,65.75510204,8.469387755,1.255102041,1.948979592,0.214869446
1.901062689,211.36,102.63,65.28,8.1,1.1,1.98,0.211600454
1.906849792,211.1616162,103.4343434,65.28282828,8.515151515,1.191919192,2.27,0.218720698
1.91263689,202.89,99.15,62.95,8.05,1.09,2.14,0.214294744
1.918423987,198.5959596,96.67676768,60.34343434,7.747474747,1.141414141,2.080808081,0.212568843
1.924211078,200.8787879,99.03030303,63.80808081,9.555555556,2.111111111,2.51,0.248266039
1.929998168,201.1632653,98.76530612,62.37755102,8.428571429,1.43877551,2.262626263,0.215612793
1.935785254,198.7474747,97.37373737,62.31313131,7.909090909,1.383838384,2.27,0.223790907
1.941572339,201.29,98.45,63.08,9.27,1.35,2.78,0.30180794
1.947359422,197.4040404,96.2020202,62.01010101,7.97979798,1.262626263,2.151515152,0.208214647
1.953146501,197.3469388,97.09183673,61.74489796,8.153061224,1.102040816,2.05,0.218327021
1.958933579,202.6969697,99.92929293,62.97979798,8.01010101,1,1.97,0.202700365
1.964720652,207.66,102.96,64.89,8.12,1.17,2.05,0.221121065
1.970507726,214.6969697,105.3838384,67.39393939,8.525252525,1.191919192,1.81,0.211569536
1.976294797,224.5151515,110.2323232,69.90909091,8.98989899,1.242424242,1.909090909,0.214487447
1.982081869,231.62,113.2,70.9,9.27,1.69,2.03,0.209940966
1.987868935,236.1212121,117.7575758,75.58585859,11.26262626,3.212121212,3.65,0.243912621
1.993656003,234.55,116.43,76.61,14.53,5.89,4.91,0.280050127
1.999443067,224.81,111.6,73.75,15.58,5.54,4.9,0.40979608
2.00523013,212.84,104.99,68.27,13.3,4.83,5.32,0.320105091
2.011017195,208.7346939,102.3367347,67.7755102,11.06122449,3.265306122,3.454545455,0.257388137
2.016804256,207.14,99.87,64.62,9.36,2.09,2.71,0.2432031
2.022591317,202.91,98.87,61.7,8.3,1.69,2.3,0.226428671
2.028378377,202.9897959,98.70408163,62.10204082,8.897959184,1.520408163,2.262626263,0.219041983
2.034165435,200.3838384,97.92929293,60.50505051,8.141414141,1.141414141,2.25515625,0.213045495
2.039952494,206.25,100.17,62.54,7.96,1.09,2.1,0.221990037
2.045739548,208.4040404,100.989899,62.8989899,7.676767677,1.202020202,2.5,0.222296385
2.051526604,204.959596,99.92929293,62.12121212,7.949494949,1.868686869,2.71,0.235942224
2.057313662,207.92,100.7,62.26,8.12,1.56,2.42,0.234269857
2.063100734,219.2929293,105.9494949,66.50505051,8.313131313,1.323232323,2.17,0.235331098
2.068887978,233.3434343,113.4949495,69.81818182,8.757575758,1.141414141,2.36,0.226396637
2.074675263,239.6262626,117.6060606,75.12121212,12.61616162,3.03030303,3.54,0.310759416
2.080462536,248.8282828,122.1010101,79.53535354,13.41414141,4.454545455,3.89,0.473201017
2.086249792,252.14,122.48,75.76,10.02,2.11,3.12,0.274991399
2.092037056,251.4040405,121.5656567,75.71717182,9.727272828,1.717171818,2.87878798,0.243768621
2.097824325,252.82,123.12,76.16,9.86,1.85,2.73,0.230251799
2.103611581,259.18,124.04,78.38,9.79,1.9,2.61,0.242036501
2.109398826,254.37,123.3,75.97,9.21,1.57,2.6,0.22221253
2.115186057,255.35,122.99,76.56,9.03,1.08,2.26,0.221501069
2.120973277,263.9387755,129.5,79.57142857,10.41836735,1.581632653,3.080808081,0.238487071
2.126760486,270.030303,131.5151515,80.03030303,9.949494949,1.212121212,2.383838384,0.228076434
2.132547697,273.89,132.52,81.94,10.29,1.7,2.65,0.237101923
2.138334921,272.61,133.65,80.95,9.87,1.56,2.84,0.239376858
2.144122135,270.1212121,130.8181818,79.60606061,9.666666667,1.333333333,2.404040404,0.23268012
2.149909338,276.2500001,131.7400001,79.8000001,9.4800001,1.3400001,2.4700001,0.224309902
2.155696533,272.979798,129.4444444,80.3030303,9.666666667,1.474747475,2.84,0.234443692
2.161483717,272.2,131.42,80.86,10.69,2.2,2.75,0.234556554
2.167270892,268.92,128.81,79.06,10.13,1.91,2.92,0.235962014
2.173058062,273.34,131.64,81.55,10.35,2.02,3,0.236381304
2.178845222,282,134.71,82.52,10.76,2,3.02,0.248526184
2.184632376,290.1700001,137.7600001,84.8200001,10.0500001,1.8500001,2.8200001,0.238750803
2.190419523,294.35,139.93,85.35,10.32,1.55,2.6,0.225943647
2.196206664,293.07,137.65,85,10,1.66,2.81,0.240139821
2.201993801,292.2424242,136.5959596,83.52525253,10.80808081,2.191919192,3.16,0.255594721
2.20778093,295.85,138.54,86.75,12.93,2.82,4.08,0.314332871
2.213568056,293.1919192,137.6565657,83.86868687,11.18181818,2.585858586,3.51,0.25804334
2.219355176,296.16,136.73,82.1,10.4,1.81,2.83,0.242210909
2.225142291,287.25,132.14,78.11,9.72,1.74,2.68,0.230559665
2.230929402,282.8,129.08,77.78,9.52,1.65,2.77,0.275225708
2.236716509,298.4141414,135.1616162,81.52040816,9.616161616,1.414141414,2.53,0.231228874
2.242503614,309.66,141.43,86.12,10.93,1.99,3.08,0.242828444
2.248290712,311.5252525,142.8787879,85.09090909,10.61616162,2.02020202,2.777777778,0.243467092
2.254077809,315.06,143.2,86.3,10.4,1.79,2.74,0.234314264
2.259864905,319.6565657,144.4343434,86.57575758,10.25252525,1.808080808,2.65,0.23455604
2.265651994,322.44,145.06,87.11,10.26,1.68,2.53,0.227153329
2.271439083,325.377551,143.4693878,86.15306122,10.46938776,1.612244898,2.704081633,0.230077993
2.27722617,326.6326531,140.8673469,85.21428571,10.74489796,1.836734694,2.836734694,0.249858765
2.283013252,331.5959596,143.6666667,87.46464646,11.11111111,1.686868687,2.818181818,0.231492689
2.288800332,333.52,143.26,87.9,11.28,2.24,3.44,0.270323327
2.294587411,328.1818183,144.0202021,89.25252535,12.25252535,2.393939495,3.282828384,0.272147055
2.300374487,326.51,144.97,89.01,11.77,2.07,2.99,0.258263925
2.306161561,325.5555556,143.5454545,88.76767677,11.05050505,1.646464646,2.89,0.25508062
2.311948635,326.6,144.54,87.38,11.1,1.81,2.83,0.261070309
2.317735707,329.9183673,147.4285714,89.95918367,11.94897959,2.448979592,3.632653061,0.261013971
2.323522774,330.8080808,146.4343434,90.34343434,11.62626263,2.121212121,3.090909091,0.246980393
2.329309843,322.4444444,144.4848485,87.06060606,10.71717172,1.707070707,3.03,0.243384521
2.33509691,319.8453608,141.2989691,86.59793814,10.96907216,2.072164948,2.93877551,0.239405054
2.340883978,316.68,140.93,84.7,10.34,1.69,2.38,0.239641665
2.346671039,311.77,138.2,83.83,10.36,1.79,2.69,0.290799437
2.352458101,299.5858586,132.5858586,81.05050505,9.919191919,1.575757576,2.86,0.246057173
2.358245164,303.7979798,133.4242424,80.19191919,10.09090909,1.95959596,2.91,0.255027063
2.364032225,304.65,135.33,82.33,10.11,1.64,2.59,0.230117124
2.369819286,314.4742268,140.4226804,86.13402062,12.22680412,3.082474227,3.397959184,0.322634134
2.375606345,319.29,139.98,85.53,11.07,1.98,2.82,0.247276207
2.381393402,322.71,143.03,87.58,11.28,2.31,3.2,0.239464911
2.387180461,330.97,146.34,89.7,11.17,1.8,2.76,0.234784641
2.392967518,327.86,145.58,87.94,10.47,1.66,2.51,0.235034684
2.398754574,324.1632653,144.4081633,87.87755102,10.33673469,1.459183673,2.505050505,0.235207057
2.404541628,324.9591837,146.244898,87.95918367,10.48979592,1.612244898,2.295918367,0.228111984
2.410328685,327.020202,144.1717172,88.15151515,10.49494949,1.646464646,2.53,0.227282255
2.41611574,321.6767677,141.8282828,86.03030303,9.95959596,1.383838384,2.525252525,0.243781647
2.421902791,322.22,144.61,88.17,11.13,2.34,3.16,0.235865421
2.427689847,323.1326531,147.1020408,88.63265306,11.19387755,1.897959184,3,0.244403331
2.433476898,320.3061224,145,86.2244898,10.81632653,1.714285714,2.7,0.243172408
2.439263944,314,141.46,84.92,10.36,1.79,2.7,0.239674113
2.445051082,308.9387755,141.9897959,86.58163265,11.40816327,2.193877551,3.444444444,0.261786513
2.450838402,311.13,142.52,87.7,12.1,2.86,3.08,0.24866396
2.45662571,311.23,141.35,87.17,11.37,1.86,2.98,0.24678486
2.462413005,320.98,147.28,89.75,11.15,1.94,3.01,0.242712763
2.468200308,329.39,147.67,90.9,12.98,2.535353535,3.95,0.307013225
2.47398761,323.84,151.45,93.3,13.92,3.83,4.87,0.303568388
2.479774897,324.91,149.25,92.15,13.59,3.35,3.97,0.275973621
2.485562169,321.4242424,148.1414141,90.21212121,12.11111111,2.232323232,3.01010101,0.25300578
2.491349427,320.9100001,146.4800001,88.0900001,10.7300001,1.7000001,2.8600001,0.226513001
2.497136673,323.01,148.86,92.41,13.11,3.32,3.85,0.26176316
2.502923907,333.2222223,156.929293,99.93939404,17.60606071,5.424242525,5.1600001,0.302928051
2.508711145,324.76,153.3,101.28,22.61,9.55,5.74,0.301714246
2.514498389,311.877551,145.5918367,94.80612245,17.47959184,5.602040816,4.414141414,0.283469875
2.52028562,307.0707071,145.6969697,92.49494949,15.16161616,4.303030303,4.1,0.28211781
2.526072841,304.82,144.04,89.34,12.88,2.69,3.16,0.265012811
2.53186005,300.73,142.99,87.98,11.4,1.85,2.81,0.261321835
2.537647251,297.6666667,141.1717172,86.35353535,10.64646465,1.545454545,2.86,0.251817113
2.543434442,299.5,141.9,88.09,11.97,2.82,3.88,0.26688606
2.549221624,298.07,141.72,87.12,12.74,3.44,3.86,0.261613426
2.555008798,293.67,140.6,86.63,11.56,2.61,3.36,0.259463424
2.560795964,294.5050505,140.3434343,85.52525253,10.8989899,2.04040404,2.939393939,0.248679147
2.566583123,288.2424242,137.6060606,83.4040404,10.5959596,2.02020202,3.01010101,0.25384141
2.572370275,278.9387755,134.3163265,81,10.06122449,1.693877551,2.95959596,0.24932581
2.578157422,275.7244898,131.7653061,79.87755102,9.806122449,1.795918367,3.101010101,0.252441905
2.58394456,270.959596,128.6363636,78.65656566,10.62626263,2.141414141,3.242424242,0.254538461
2.589731693,268.99,129.77,78.68,9.68,1.64,3.1,0.251028366
2.595518821,270.7142857,128.4489796,78.66326531,9.479591837,1.510204082,2.959183673,0.235678021
2.601305946,270.67,130.07,79.75,10.03,1.63,3,0.245961927
2.607093063,267.2900001,127.9300001,77.3900001,9.7900001,1.5600001,3.0000001,0.243747472
2.612880177,273.1414141,132.4444444,80.1010101,10.31313131,1.949494949,3.01,0.253023693
2.618667289,279.2959184,134.744898,83.37755102,12.30612245,3.12244898,3.73,0.321129556
2.624454393,282.2929293,137.2121212,83.04040404,10.42424242,1.818181818,3.01010101,0.258807748
2.630241495,283.15,136.27,82.71,9.9,1.76,2.92,0.246565503
2.636028595,288.4141414,139.1313131,84.57575758,9.898989899,1.626262626,3.03,0.251499298
2.641815688,280.58,134.51,81.49,9.92,1.74,2.98,0.243497131
2.647602783,277.16,134.04,81.79,10.93,2.25,3.79,0.265164361
2.653389872,289.0408163,141.622449,86.36734694,11.93877551,3.081632653,4.010204082,0.274230349
2.659176959,283.73,137.87,83.53,11.02,2.13,3.55,0.258389324
2.664964042,282.07,136.46,81.95,9.96,1.67,2.91,0.242637086
2.670751126,284.05,136.31,82.76,9.85,1.71,2.72,0.245083107
2.676538204,285.7070707,136.3131313,82.80808081,9.898989899,1.787878788,2.484848485,0.225870584
2.682325282,279.8585859,136,80.81818182,9.898989899,1.878787879,2.666666667,0.253111558
2.688112357,282.02,134.96,80.97,9.85,1.6,2.61,0.243709937
2.693899431,280.622449,135.8367347,81.85714286,9.87755102,1.520408163,2.551020408,0.225152711
2.699686505,280.0102041,134.2244898,80.79591837,9.795918367,1.724489796,2.683673469,0.238321693
2.705473573,281.7979798,135.3030303,80.4040404,9.757575758,1.515151515,2.757575758,0.232246295
2.711260641,278.7979798,134.0707071,80.8989899,9.878787879,1.717171717,2.52,0.235884417
2.717047708,280.9,136.81,81.98,10.14,1.79,2.93,0.240559403
2.722834774,285.36,138.03,84.49,10.86,2.5,3.41,0.256423776
2.728621839,281.01,136.37,83.31,11.4,2.46,3.43,0.251394603
2.734408904,288.2121212,141,88.97979798,14.83838384,4.515151515,5.656565657,0.440965996
2.740195965,294.01,144.82,93.87,18.59,4.13,6.73,0.522054897
2.745983028,286.33,138.39,87.22,13.75,3.96,4.73,0.313564633
2.75177009,284.91,138.58,85.42,11.91,2.74,3.84,0.271647849
2.757557146,282.5656566,137.5656566,84,11.18181818,2.232323232,2.868686869,0.280700691
2.763344206,287.5757576,139.3434343,86.56565657,11.5959596,2.757575758,3.41,0.275426114
2.769131261,286.0909091,138.7878788,85.45454545,12.88888889,2.96969697,3.949494949,0.347408951
2.774918317,279.969697,134.9191919,80.58585859,10.14141414,1.797979798,3.252525253,0.252026424
2.780705373,279.67,135.59,81.61,10.31,1.52,2.87,0.261160161
2.786492427,275.7244898,133.1836735,80.5,10.44897959,2.530612245,3.686868687,0.267717411
2.79227948,276.38,134.08,81.53,10.2,1.7,2.85,0.2369271
2.798066537,275.5408163,134.8469388,81.59183673,10.07142857,1.836734694,2.959183673,0.242156987
2.80385359,274.9494949,132.2424242,80.37373737,10.14141414,1.707070707,2.717171717,0.231171543
2.809640649,271.8080808,130.2525253,79.03030303,9.777777778,1.676767677,2.73,0.235640056
2.815427685,270.28,130.78,79.03,9.92,1.6,2.67,0.241006818
2.821214732,273.122449,131.4387755,80.1122449,10.13265306,1.551020408,2.707070707,0.23528678
2.827001984,275.4900001,132.7800001,81.1500001,10.0400001,2.1000001,3.2000001,0.251676268
2.832789308,272.1515152,132.020202,79.19191919,9.98989899,1.898989899,2.717171717,0.233584175
2.838576613,270.8,130.07,78.88,10.28,1.95,2.64,0.240909996
2.844363926,268.2222222,128.2929293,78.4040404,10.11111111,1.808080808,2.92,0.241147983
2.850151228,269.48,129.86,78.7,9.54,1.76,2.84,0.251370208
2.855938513,269.7373737,129.6161616,78.15151515,9.424242424,1.656565657,2.808080808,0.271300994
2.861725783,267.6,128.03,77.77,9.62,1.47,2.78,0.24569357
2.867513041,302.9292929,153.4141414,108.6464646,32.45454545,11.82828283,7.575757576,0.376944659
2.873300283,539.8,325.43,324.55,177.32,67.63,21.34,0.810489359
2.879087517,851.88,555.69,598.83,317.64,97.5,23.97,1.102337807
2.884874736,583.5757576,350.6464646,324.7676768,128.1122449,31.54545455,9.58,0.558145617
2.890661948,381.2121212,201.7272727,153.1515152,42.12121212,8.818181818,5.02020202,0.34618884
2.896449146,308.8888889,155.7272727,102.010101,19.46464646,3.919191919,3.727272727,0.275331771
2.902236336,287.89,141.66,89.53,14.22,2.36,3.13,0.255123386
2.908023518,282.14,137.28,85.4,14.04,3.21,3.42,0.28051663
2.913810689,275.79,133.34,83.94,13.45,3.46,3.9,0.327525659
2.919597855,271.5510204,131.7040816,80.80612245,11.15306122,2.357142857,3.530612245,0.283602832
2.925385053,271.18,130.23,80.5,10.6,2.01,3.35,0.27296406
2.93117229,267.8383838,128.4343434,78.76767677,10.92929293,2.747474747,4.333333333,0.302162162
2.936959513,266.99,129,78.83,10.36,1.94,3.51,0.271164593
2.942746726,262.71,125.98,77.7,10.32,2.05,3.46,0.312496535
2.948533929,263.45,126.89,78.39,10.11,2.02,3.36,0.278080528
2.954321123,262.8877551,127.8469388,79.20408163,11.86734694,2.163265306,4.383838384,0.282879931
2.960108307,262.5,126.68,79.57,12.8,3.19,5.18,0.381033813
2.965895483,260.99,124.74,75.81,10.62,2.57,4.08,0.302622936
2.971682649,260.9494949,124.2222222,76.76767677,9.858585859,2.101010101,3.898989899,0.290727244
2.977469809,260.34,123.96,76.7,10.72,2.31,3.97,0.300803024
2.983256961,261.0606061,124.5757576,76.1010101,9.868686869,2.090909091,3.494949495,0.293538004
2.989044106,255.19,121.52,74.51,9.68,2.02,3.58,0.273817831
2.994831246,257.77,123.15,74.91,9.65,2,3.35,0.274368953
3.00061838,259.42,123.57,74.69,9.83,1.74,3.38,0.27898097
3.006405509,258.9690722,124.7010309,75.05154639,9.824742268,2.041237113,3.755102041,0.280618954
3.012192632,257.1010101,123.5454545,75.64646465,10.22222222,2.404040404,4.2,0.292807961
3.01797975,255.74,122.65,74.79,10.02,2.43,3.99,0.29083765
3.023766864,254.5050505,122.8484848,75.32323232,10.77777778,3.02020202,3.77,0.283410278
3.029553973,256.62,123.35,75.73,10.67,2.96,4.09,0.291970877
3.035341077,256.8686869,123.7979798,74.75757576,10.8989899,2.474747475,3.85,0.269356649
3.041128179,257.82,122.86,75.41,9.77,1.91,3.36,0.273545895
3.046915277,257.2040816,123.3367347,74.2755102,9.346938776,1.693877551,3.346938776,0.264186159
3.052702371,259.63,123.54,74.44,9.56,2.01,3.24,0.308104246
3.05848946,253.88,121.13,72.55,9.47,1.98,3.37,0.252137981
3.064276551,256.8989899,122.5555556,74.41414141,11.06060606,2.919191919,3.89,0.287668166
3.070063636,257.2929293,121.6565657,74.47474747,9.949494949,2.181818182,3.626262626,0.279542531
3.075850719,260.6262626,124.8484848,76.1010101,10.01010101,1.919191919,3.525252525,0.274009275
3.081637797,256.2626263,120.9090909,73.18181818,9.646464646,2.070707071,3.8,0.274504643
3.087424875,249.21,119.74,73.06,10.06,2.65,4.05,0.277433217
3.093211951,246.7878788,116.2121212,71.68686869,10.37373737,2.555555556,3.98989899,0.269328074
3.098999026,249.57,117.82,76.21,13.51,3.32,5.36,0.368201922
3.104786097,248.59,118.63,73.2,10.73,3.15,4.22,0.288130046
3.110573168,246.8181818,115.3535354,70.57575758,9.929292929,2.414141414,3.949494949,0.266572552
3.116360236,245.1515153,116.0000001,69.89899,8.858585959,2.202020303,3.5500001,0.262853675
3.122147303,243,115.0707071,69.85858586,9.373737374,2.202020202,3.808080808,0.272691056
3.127934367,243.2653061,112.9489796,68.83673469,9.653061224,2.397959184,3.64,0.272321122
3.133721432,242.7,113.72,68.2,9.69,2.5,3.84,0.273477482
3.139508494,234.4444444,109.3131313,65.82828283,8.575757576,1.949494949,3.323232323,0.257797597
3.145295556,233.7,108.08,66.65,8.4,1.84,3.31,0.2597511
3.151082615,232.82,109.18,66.32,8.99,2.05,3.66,0.27480994
3.156869673,231.1010101,107.979798,66.11111111,9.151515152,2.03030303,3.41,0.259396692
3.162656732,231.79,108.29,65.8,8.97,2.07,3.5,0.262516456
3.168443792,231.7373737,106.7878788,65.41414141,8.808080808,2.111111111,3.65,0.263106595
3.174230845,231.4949495,107.3131313,65.71717172,8.636363636,2.02020202,3.35,0.259268352
3.180017898,232.14,107.17,65.3,8.93,1.86,3.52,0.263976153
3.185804952,231.959596,106.5555556,64.08080808,8.545454545,2.050505051,3.39,0.261050932
3.191592005,231.0400001,105.7000001,63.0600001,8.2600001,1.8000001,3.3500001,0.263591622
3.197379066,231.06,106.09,65.34,8.87,2.2,3.76,0.314943954
3.203166188,231.0606061,107.7777778,65.02020202,9.777777778,2.858585859,4.04,0.27688074
3.208953478,234.8080808,107.7171717,67.73737374,11.13131313,4.04040404,5.070707071,0.303879753
3.214740769,238.64,110.47,69.01,11.98,4.79,5.66,0.333098036
3.220528073,237.99,109.22,70.45,12.23,4.19,5.18,0.306896278
3.226315363,237.79,108.69,69.59,12.1,4.32,4.63,0.304375382
3.232102643,238.56,108.48,66.72,9.92,2.38,3.75,0.267678459
3.237889905,237.2828283,108.4040404,66.13131313,8.818181818,2.222222222,3.656565657,0.273265171
3.243677155,232.2525253,105.2828283,64.16161616,8.505050505,1.96969697,3.53,0.266612209
3.249464392,228.33,104.43,63.67,9.02,2.44,3.78,0.283512609
3.255251621,233.6428571,104.755102,65.52040816,8.908163265,2.234693878,3.545454545,0.265663861
3.261038862,233.0909091,105.1414141,64.86868687,9.191919192,2.626262626,4.32,0.27809327
3.266826098,235.87,105.77,64.83,8.67,2.53,3.7,0.27730427
3.272613323,232.5612245,105.6122449,63.29591837,8.612244898,2.132653061,3.707070707,0.260293141
3.278400533,233.8787879,104.8282828,64.24242424,8.707070707,2.050505051,3.5,0.262068318
3.284187739,235.27,105.63,65.57,10.91,3.44,4.7,0.31768265
3.289974932,233.3608247,105.1237113,64.09278351,8.958762887,2.402061856,3.680412371,0.268535828
3.295762116,233.2222222,104.2828283,64.11111111,8.909090909,2.414141414,3.848484848,0.270548089
3.301549291,235.2040816,104.6734694,63.63265306,8.612244898,1.908163265,3.484848485,0.274984829
3.307336457,233.72,105.1,62.39,8.33,1.99,3.5,0.262110972
3.31312362,232.38,105.47,63.15,8.86,2.4,3.27,0.263189761
3.318910772,236.37,106.13,65.25,9.68,2.76,3.66,0.276989555
3.32469792,237.0510204,105.5204082,63.68367347,9.265306122,2.612244898,4.252525253,0.292049263
3.330485059,230.53,102.3,63.37,9.49,3.26,4.04,0.276737428
3.336272196,230.2020202,103.979798,62.58585859,8.767676768,2.363636364,3.858585859,0.255526695
3.342059323,229.3877551,103.3469388,62.45918367,8.765306122,2.336734694,3.71,0.250075677
3.347846448,230.7525773,103.185567,63.24742268,9.618556701,2.597938144,4.234693878,0.291707499
3.353633567,231.3434343,105.1010101,64.37373737,10.21212121,3.898989899,4.606060606,0.280245932
3.359420683,232.47,105.91,66.37,11.3,4.37,5.58,0.312705503
3.365207793,234.7171717,107.2424242,67.03030303,11.50505051,4.464646465,5.8,0.315295941
3.370994899,233.3535354,105.7474747,65.45454545,9.898989899,3.202020202,4.55,0.308825956
3.376782003,234.85,105.96,65.56,9.29,2.53,3.97,0.269909007
3.382569137,237.9393939,109.3737374,68.6969697,12.19191919,2.646464646,4.81,0.332029254
3.388356353,235.8673469,108.4183673,68.09183673,11.85714286,5.051020408,6.488603649,0.32383226
3.39414356,228.7857143,106.4591837,64.69387755,9.357142857,2.724489796,4.01,0.268122289
3.399930758,226.65,103.34,63.28,8.75,2.1,3.44,0.259231623
3.405717947,228.1122449,102.8367347,63.2244898,8.265306122,2.040816327,3.343434343,0.244188815
3.411505125,232.2222222,107.3232323,63.76767677,9.222222222,2.555555556,3.61,0.261941761
3.417292298,229.6363636,105.3030303,63.51515152,8.898989899,2.313131313,3.595959596,0.261691909
3.423079461,230.49,105.14,64.1,8.47,1.9,3.35,0.250308814
3.428866617,230.71,105.75,63.53,9.49,2.65,3.34,0.245235389
3.434653767,227.8080808,101.5555556,62.23232323,8.858585859,1.848484848,3.252525253,0.237171655
3.440440913,226.01,103.56,62.02,8.09,1.99,3.4,0.282226684
3.44622805,229.7900001,106.1000001,64.5200001,9.2600001,2.5900001,4.0700001,0.280818599
3.452015182,228.6464646,103.3939394,63.41414141,8.696969697,2.070707071,3.53,0.273464198
3.457802309,226.7373737,104.2222222,63.96969697,9.707070707,2.95959596,3.97,0.262573611
3.463589429,223.7755102,102.5816327,62.59183673,8.846938776,1.948979592,3.102040816,0.254142619
3.469376547,222.3939394,102.3939394,61.35353535,8.555555556,2,3.29,0.254509503
3.475163661,224.0707071,101.8282828,62.29292929,8.96969697,2.424242424,3.595959596,0.260688255
3.480950769,225.05,103.46,63.52,9.76,3.54,4.53,0.287151385
3.486737874,221.9479167,101.4583333,61.60416667,8.864583333,2.833333333,3.81443299,0.265600976
3.492524973,219.11,101.89,62.01,9.68,2.93,4.23,0.318339607
3.498312072,218.68,99.99,60.34,8.45,2.23,3.51,0.26441982
3.504099166,217.53,99.74,58.2,8.34,2.4,3.74,0.261756556
3.509886259,222.2222222,103.43,63.34,11.09,4.24,4.98,0.286850614
3.515673346,311.09,166.04,137.18,69.44,35.05,16.71,0.612253609
3.521460431,323.969697,177.6565657,159.5656566,90.57575758,44.07070707,14.15151515,0.583487534
3.527247514,269.39,135.63,99.75,35.29,13.45,7.18,0.50715761
3.533034596,242,114.75,73.06,13.98,3.81,3.66,0.253935849
3.538821674,229.05,106.3,65.42,10.1,2.36,3.14,0.264447458
3.544608751,218.8282828,101.1818182,61.57575758,8.787878788,1.98989899,3.02020202,0.244985374
3.550395823,215.93,100.62,60.65,8.57,2.15,3.31,0.245421774
3.5561829,214.15,99.39,58.51,7.62,1.61,2.96,0.221880424
3.561969969,212.88,97.4,58.46,7.65,1.54,2.87,0.213993363
3.567757039,211.91,96.44,57.85,7.29,1.31,2.69,0.221116886
3.573544108,213.68,98.53,58.83,7.57,1.66,2.96,0.224216479
3.579331173,215.22,100.47,61.7,10.09,3.37,3.45,0.366844688
3.585118237,207.8571429,97.39795918,58.65306122,8.265306122,1.928571429,3.142857143,0.254246358
3.590905364,209.5858586,98.77777778,58.6969697,7.606060606,1.444444444,2.949494949,0.222232969
3.596692627,212.37,98.44,60.3,7.7,1.72,3.16,0.226387892
3.602479883,211,98.99,58.94,7.98,1.87,2.94,0.231075596
3.608267126,208.3571429,97.42857143,58.12244898,7.663265306,1.734693878,3.16,0.223244952
3.614054357,206.8686869,96.12121212,58.72727273,7.929292929,1.858585859,3.01,0.221082398
3.619841577,205.8484848,95.3030303,58.95959596,8.141414141,2.141414141,3.393939394,0.236339815
3.625628786,206.969697,97.28282828,59.31313131,8.202020202,2.050505051,3.474747475,0.24071251
3.631415989,208.2626263,97.56565657,59.27272727,8.181818182,1.737373737,3.12,0.249350494
3.637203207,206.1010101,96.43434343,59.35353535,8.454545455,1.98989899,3.23,0.236837198
3.642990415,209.15,97.59,60.27,9.13,2.54,3.44,0.234411385
3.648777613,212.62,99.3,61.75,10.51,3.51,4.41,0.271917214
3.654564804,206.99,98.05,60.28,9.99,3.17,4.24,0.26842352
3.660351983,211.67,101.44,65.23,13.1,3.48,5.93,0.417818212
3.666139157,207.63,96.64,60.44,9.85,3.69,5.26,0.28594071
3.671926324,206.52,96.59,60.71,8.82,2.97,4.15,0.256846128
3.677713518,206.1616162,96.8989899,58.11111111,8.232323232,2.202020202,3.96969697,0.252220977
3.68350071,206.72,96.56,59.7,9.11,2.88,3.94,0.264643194
3.689287894,206.4848485,95.54545455,58.75757576,8.787878788,2.565656566,3.9,0.259308055
3.695075069,205.16,94.53,59.07,8.32,2.45,3.99,0.266344201
3.700862236,203.56,94.38,58.5,8.06,2.3,3.6,0.25456826
3.706649396,205.010101,96.29292929,59.14141414,9.595959596,3.202020202,4.15,0.296147347
3.712436549,203.1616162,95.27272727,57.13131313,7.868686869,2.141414141,3.71,0.258963376
3.718223697,200.030303,94.07070707,57.06060606,7.98989899,2.191919192,3.67,0.25608353
3.724010836,201.1428571,93.89795918,56.29591837,7.785714286,2.234693878,3.717171717,0.262737091
3.729797971,202.12,94.43,56.74,8.82,2.62,3.93,0.269779065
3.735585099,202.969697,93.41414141,57.49494949,8.333333333,2.575757576,3.79,0.257716085
3.741372224,199.6666667,93.64646465,56.94949495,8,2.161616162,3.777777778,0.261453241
3.747159342,201.8265306,92.45918367,57.3877551,8.357142857,2.163265306,3.62,0.256338801
3.752946458,202.37,93.87,57.67,8.45,2.36,3.72,0.269995826
3.758733569,206.1818182,96.3030303,58.83838384,8.848484848,2.676767677,4.282828283,0.298508554
3.764520675,201.9191919,95.17171717,57.94949495,8.878787879,2.858585859,3.99,0.269829835
3.770307779,203.49,94.44,58.04,8.39,2.34,3.86,0.27569865
3.776094877,203.4897959,95.7244898,58.95918367,8.530612245,2.030612245,3.39,0.257659058
3.781881975,200.5151515,94.18181818,59.11111111,8.97979798,2.565656566,3.95959596,0.269229642
3.787669068,204.3333333,94.77777778,59.39393939,9.353535354,3.111111111,4.101010101,0.288576061
3.793456158,207.5959596,98.11111111,64.13131313,13.50505051,5.868686869,6.23,0.325905701
3.799243244,257.3163265,130.8673469,105.1836735,45.40816327,23.97959184,14.75510204,0.559797378
3.80503033,252.9191919,125.7272727,95.97979798,34.28282828,13.67676768,7.74,0.494009297
3.810817414,223.3333333,106.969697,71.58585859,17.12121212,6.323232323,5.858585859,0.345513527
3.816604492,208.7,97.42,62.16,11.29,3.49,4.29,0.28716947
3.822391572,197.9897959,93.6122449,57.5,9.571428571,2.653061224,3.72,0.282262443
3.828178649,200,93.43434343,57.94949495,8.777777778,2.454545455,3.949494949,0.259394804
3.833965723,201.5252525,93.6969697,57.21212121,8.03030303,2.191919192,3.79,0.257166963
3.839752794,200.020202,92.21212121,57.49494949,8.292929293,2.484848485,3.89,0.256483518
3.845539866,199.9292929,91.88888889,57.09090909,7.919191919,2.323232323,3.787878788,0.254128308
3.851326935,201.9393939,94.16161616,57.71717172,9.555555556,3.333333333,4.939393939,0.273966323
3.857114003,209.0606061,97.35353535,61.72727273,10.47474747,3.888888889,4.85,0.277369843
3.862901071,213.56,100.76,64.1,10.14,3.28,4.45,0.26860978
3.868688136,213.8484848,100.6666667,62.75757576,9.505050505,3.060606061,4.474747475,0.265615489
3.874475197,209.77,97.58,61.57,9.71,2.98,4.37,0.274079013
3.88026226,210.94,99.15,62.84,9.43,2.83,4.15,0.277884669
3.886049322,235.53,111.57,72.53,9.92,2.3,3.65,0.255462085
3.891836384,240.76,116.56,73.25,10.06,2.24,3.74,0.257486062
3.897623444,240.0808081,115.3939394,72.55555556,10.19191919,2.313131313,3.44,0.25638997
3.903410504,237.2,113.34,70.22,9.51,2.11,3.62,0.239133818
3.909197561,238.89,114.94,72.98,10.11,2.52,3.68,0.248503352
3.91498462,240.5816327,117.0816327,80.04081633,13.18367347,4.418367347,6.83,0.422305359
3.920771675,238.0505051,117.040404,76.64646465,13.85858586,6,7.11,0.342458725
3.92655873,238.7835052,115.7628866,75.84536082,12.86597938,4.649484536,5.250161307,0.280134471
3.932345786,236.3469388,113.744898,73.73469388,11.23469388,2.846938776,3.898989899,0.260643144
3.938132837,233.1836735,112.1836735,72.02040816,11.24489796,3.37755102,4.244897959,0.257887733
3.943919892,230.8,111.39,70.7,10.3,2.64,3.72,0.245941684
3.949706947,231.57,111.08,72.13,10.68,2.41,3.66,0.254198157
3.955494006,233.62,112.57,72.84,10.35,2.23,3.73,0.255908707
3.961281118,231.1443299,111.5612245,71.45918367,10.25510204,2.724489796,3.626262626,0.255593884
3.967068416,235.3838384,112.7070707,73.1010101,11.17171717,3.02020202,4.161616162,0.286704251
3.972855732,235.35,114.1,73.6,11.05,2.84,4.03,0.255758188
3.978643032,239.4,116.59,74.95,11.19,2.81,4.2,0.270410417
3.984430316,231.2727273,110.2121212,71.25252525,10.47474747,3,4.04,0.275383704
3.990217585,243.1010101,118.0606061,78.2020202,11.43434343,2.828282828,3.787878788,0.262514281
3.996004843,240.25,116.49,75.38,11.05,2.87,4.24,0.268200989
4.001792086,228.99,109.89,70.52,10.17,2.82,4.1,0.264520793
4.007579328,228.04,109.53,70.78,10.92,3.17,4.13,0.266124552
4.013366583,230.67,109.75,70.57,11.43,3.52,4.62,0.288924161
4.019153829,232.15,111.65,73.19,12.26,4.47,5.2,0.310497644
4.02494106,231.4,112.12,73.58,11.79,3.77,4.87,0.307176743
4.030728282,239.16,114.1,75.11,13.35,5.39,6.1,0.324574234
4.036515493,238.61,114.52,75.31,12.34,4.15,5.1,0.312509827
4.042302691,235.7171717,113.7070707,76.47474747,13.11111111,4.505050505,4.76,0.295722722
4.04808989,236.18,113.34,74.64,12.01,4.14,4.58,0.307153215
4.053877108,233.77,113.21,73.44,11.47,3.7,4.51,0.28863233
4.059664322,235.3469388,113.7959184,75.18367347,12.06122449,3.867346939,4.868686869,0.306546517
4.065451524,231.94,111.24,73.61,11.93,3.83,4.89,0.287625351
4.071238718,231.39,112.43,72.87,12.12,3.94,4.85,0.292192929
4.077025901,229,110.45,73.82,12.02,4.34,5.09,0.282784518
4.082813078,233.255102,112.3571429,74.81632653,12.43877551,4.897959184,5.387755102,0.307393936
4.088600245,230.35,112.58,73.75,12.08,4.04,4.75,0.290285543
4.094387406,232.2222222,113,75.32323232,12.38383838,3.878787879,5.23,0.306448381
4.100174561,227.030303,110.3737374,71.83838384,11.07070707,3.494949495,4.535353535,0.274554192
4.105961708,233.3,113.87,75.59,11.63,3.67,4.66,0.280489478
4.11174885,242.030303,119.7979798,78.16161616,12.36363636,3.626262626,4.494949495,0.287039316
4.117535988,237.1717172,117.989899,76.96969697,12.90909091,4.272727273,4.929292929,0.285074721
4.123323118,239.3571429,116.5510204,79.28571429,12.95918367,4.612244898,5.454545455,0.300398606
4.129110243,237.23,115.46,78.81,15.13,5.57,5.85,0.359389191
4.134897365,232.5,115.65,76.34,13.36,4.43,5.04,0.297658578
4.14068448,258.4646465,130.2020202,92.44444444,18.67676768,7.949494949,7.6,0.652347541
4.146471594,266.07,131.21,89.33,15.66,6.19,6.94,0.344617099
4.152258702,273.8,134.97,90.96,15.18,5.46,5.89,0.31493141
4.158045806,269.3030304,132.1616163,87.80808091,14.04040414,5.353535454,5.333333434,0.306590625
4.163832908,274,135.59,90.1,15.76,5.32,5.94,0.335130303
4.169620006,286.8585859,142.6363636,95.66666667,15.66666667,5.303030303,5.76,0.328589331
4.175407101,277.3737374,139.6262626,92.27272727,15.85858586,5.858585859,6.191919192,0.320723338
4.181194194,282.9393939,140.8989899,96.16161616,18.64646465,7.888888889,7.51,0.378858819
4.186981282,280.75,138.03,93.2,16.44,6.46,6.95,0.336771262
4.192768369,279.2,138.67,93.12,18.48,9.14,8.42,0.368167703
4.198555454,281.86,139.71,95.81,21.24,10.1,8.26,0.384368819
4.204342536,276.15,137.09,92.37,17.1,7.35,6.69,0.342210111
4.210129617,269.18,130.96,87.36,15.1,5.71,5.6,0.315919886
4.215916694,273.7628866,134.8762887,89.98969072,14.7628866,5.381443299,5.565656566,0.31445776
4.22170377,277.7142857,137.0816327,91.70408163,15.24489796,5.714285714,5.806122449,0.31500365
4.227490844,283.71,141.04,98.14,20.19,9.04,8.61,0.435740518
4.233277918,276.73,135.74,92.85,15.63,5.93,6.13,0.373465188
4.23906499,266.8585859,130.1919192,87.16161616,14.76767677,5.757575758,5.888888889,0.323240475
4.244852061,274.12,133.16,89.43,15.23,5.63,5.81,0.334137598
4.250639129,278.79,138.11,91.62,15.27,5.76,5.72,0.314076284
4.256426194,282.59,139.79,91.67,15.47,5.36,5.91,0.31386921
4.262213261,282.9090909,139.3737374,95.29292929,17.62626263,7.050505051,6.69,0.35258514
4.268000327,278,136.0714286,91.60204082,16.29591837,6.112244898,6.346938776,0.335874738
4.273787392,266.83,132.43,87.96,14.74,5.2,5.62,0.33518052
4.279574453,279.78,138.42,93.9,15.46,5.3,5.63,0.310395455
4.285361515,279.21,137.05,92.61,15.91,5.41,5.8,0.3214069
4.291148578,276.1836735,136.3163265,91.97959184,15.65306122,5.663265306,5.663265306,0.315401235
4.296935637,281.7113402,139.5979381,94.15463918,15.97938144,5.628865979,5.806122449,0.321240051
4.302722696,280.18,135.65,91.19,15.77,5.81,6.01,0.31889818
4.308509756,275.27,134.94,90.77,15.44,5.63,6.06,0.32188366
4.314296812,283.02,139.21,94.15,16.51,6.25,6.03,0.332550963
4.32008387,289.989899,144.5959596,102.9393939,22.6969697,10.07070707,8.535353535,0.479597651
4.325870928,286.11,142.79,98.29,19.19,8.17,7.31,0.377422194
4.331657983,277.2222222,136.0707071,90.41414141,15.65656566,5.797979798,5.96969697,0.321125768
4.33744504,272.02,132.97,88.74,15.95,6.3,6.04,0.319015362
4.343232268,279.84,137.84,93.13,16.83,6.82,6.23,0.354206208
4.34901959,281.1020408,138.9081633,93.28571429,15.78571429,5.795918367,5.93,0.328988292
4.3548069,280.979798,138.5656566,93.23232323,16.98989899,6.505050505,5.79,0.312858119
4.360594191,284.63,140.3,96.85,20.09,9.87,7.14,0.348055689
4.366381468,280.2323232,138.3434343,93.68686869,17.42424242,6.373737374,5.848484848,0.307139797
4.372168732,281.93,138.41,94.24,16.23,5.52,5.52,0.297653032
4.377955982,282.3434343,139.0707071,94.96969697,16.34343434,5.414141414,5.38,0.30129648
4.383743235,287.12,141.54,97.33,16.27,5.16,4.96,0.322351211
4.389530495,283,139.62,95.21,17.19,7.07,6.05,0.309807409
4.395317741,297.49,148.99,102.44,18.7,6.3,5.97,0.3001399
4.401104976,303.82,150.92,101.8,18.32,7.1,6.72,0.345948577
4.406892199,296.5408163,146.7142857,102.7755102,18.81632653,7.489795918,6.353535354,0.32835987
4.412679412,298.1122449,148.9387755,101.8673469,17.20408163,5.551020408,5.818181818,0.317607386
4.418466616,285.04,142.44,97.85,17.62,6.06,5.84,0.333482672
4.42425381,288.95,145.66,102.64,24.57,12.68,9.99,0.405871065
4.430041,457.39,266.87,246.37,129.56,78.91,40.92,1.148831687
4.435828209,632.92,413.1,480.72,346.51,179.07,52.96,1.612710787
4.441615411,456.4329897,265.8762887,254.8350515,123.8762887,45.92783505,15.24742268,0.651990973
4.447402603,332.1546392,171.7216495,133.371134,39.74226804,13.80412371,8.309278351,0.413837759
4.453189788,288.64,143.92,106.17,28.46,12.02,9.58,0.657428371
4.458976967,276.5959596,138.1616162,95.77777778,18.50505051,7.03030303,6.75,0.365070221
4.464764142,292.06,145.38,102.31,22.54,11.95,10.86,0.423814893
4.470551345,288.02,143.86,101.13,23.74,12.58,11.06,0.441710861
4.476338541,285.68,140.79,97.02,18.17,7.22,7.1,0.348389132
4.482125729,282.3232323,141.2424242,95.64646465,17.64646465,7.121212121,7.444444444,0.362324182
4.48791291,272.69,133.16,90.96,16.33,6.93,6.8,0.351225568
4.49370008,262.23,128.41,87.16,15.55,6.58,7.06,0.35135261
4.499487245,267.8,131.57,89.2,17.73,7.89,7.11,0.359950862
4.505274406,266.9081633,130.0102041,88.44897959,15.96938776,6.632653061,6.92,0.341273008
4.511061586,273.91,134.52,90.92,17.16,7.81,7.14,0.352295485
4.516848766,265.42,130.51,90.19,17.93,7.97,7.52,0.362889072
4.522635937,272.82,135.16,91.6,17.63,7.61,7.68,0.353789957
4.528423103,281.38,138.8,95.35,17.13,6.31,6.23,0.321212996
4.53421026,286.05,142.41,97.1,18.31,8.02,7.41,0.35975332
4.539997412,268.81,133.79,91.58,18.3,7.79,7.3,0.341326645
4.545784557,262.65,129.4,88.07,16.61,6.44,6.29,0.319517698
4.551571723,261.5353535,128.4141414,89.11111111,16.52525253,6.202020202,6.333333333,0.311404252
4.557358892,272.2857143,135.3061224,93.01020408,16.31632653,5.744897959,6.051020408,0.317300653
4.563146057,260.4795918,126.6938776,86.70408163,15.3877551,6.030612245,6.132653061,0.367283005
4.568933216,262.48,128.14,87.98,15.66,6.1,6,0.382272064
4.574720367,261.85,128.97,89.05,16.23,6.07,5.77,0.320798973
4.580507513,264.17,131.87,88.77,15.64,6.24,6.02,0.327667633
4.58629465,264.4141414,131.5050505,91.98989899,18.39393939,7.777777778,7.626262626,0.401512895
4.592081801,253.87,123.47,84.08,14.59,5.55,5.6,0.314554507
4.597868968,255.89,126.79,86.54,15.69,5.94,6.36,0.328994137
4.603656126,268.22,132.16,92.56,19.11,9.02,7.73,0.375046095
4.609443279,282.6161616,143.4949495,101.4141414,20.44444444,8.96969697,8.151515152,0.396839411
4.615230425,276.65,139.01,94.96,17.61,6.54,6.24,0.342395339
4.621017565,267.57,132.77,92.62,17.46,7.12,6.82,0.364878188
4.6268047,281.96,142.9,101,21.62,9.41,8.78,0.45328544
4.63259184,269.9393939,133.7878788,91.88888889,15.87878788,5.919191919,5.98989899,0.332108787
4.638379002,256.59,126.41,86.01,15.66,5.99,6.14,0.338623865
4.644166156,255,126.4444444,86.39393939,15.25252525,5.858585859,6.31,0.333489995
4.649953305,264.9183673,131.8673469,92.39795918,17.6122449,7.306122449,7.12244898,0.394391734
4.655740448,275.77,137.22,94.44,17.03,6.69,6.36,0.336807766
4.661527585,263.4343434,130.8989899,87.65656566,16.27272727,7.02020202,6.74,0.362349355
4.667314717,257.5306122,127.4897959,86.92857143,16.42857143,6.734693878,6.65,0.340703367
4.673101843,261.29,128.92,89.14,16.77,7,6.86,0.382702188
4.678888965,255.28,125.12,86.17,15.41,6.79,6.78,0.372798855
4.684676084,258.81,128.31,88.99,18.22,8.12,7.76,0.403446989
4.690463197,264.7,130.81,90.68,17.55,7.66,7.64,0.391944513
4.696250309,270.22,135.83,93.43,18.18,7.46,6.8,0.358091057
4.702037414,266.49,131.78,90.28,16.67,6.51,6.62,0.348230705
4.707824518,269.6767677,134,90.95959596,16.86868687,6.838383838,6.19,0.335324476
4.713611615,273.3737374,135.2121212,94.06060606,17.02020202,6.727272727,6.616161616,0.361609502
4.719398714,289.7113402,145.6597938,99.98969072,19.04123711,8.371134021,7.404040404,0.364738141
4.725185807,274.6800001,136.8700001,94.3600001,17.8200001,7.7300001,7.3500001,0.357850491
4.730972898,284.0606061,141.5353535,97.58585859,17.52525253,7.191919192,6.71,0.366643386
4.736759988,273.13,136.17,92.84,16.12,6.59,6.32,0.343365704
4.742547075,524.28,166.96,91.09,19.37,10.2,9.06,0.483763256
4.748334161,1122.73,223.42,86.18,21.99,14.38,12.75,0.976106441
4.754121243,516.3367347,120.7857143,61.73469388,18.53061224,12.5,10.5959596,0.661574321
4.759908322,241.2222222,78.68686869,53.70707071,19.26262626,12.4040404,11.91,0.562979088
4.765695401,169.78,72.54,57.19,22.25,14.62,12.67,0.513445617
4.771482479,147.6,70.44,55.71,21.29,16.19,14.18,0.516741593
4.777269554,139.47,68.96,54.67,17.08,11.04,10.58,0.368628217
4.783056627,138.59,69.88,55.35,16.66,9.17,9.8,0.337387056
4.7888437,131.91,68.46,53.47,16.39,8.78,9.04,0.31933836
4.794630772,135.99,70.24,54.83,15.58,8.08,8.48,0.309443286
4.800417841,138.28,72.78,57.06,16.36,8.59,8.59,0.34165313
4.80620491,139.83,74.44,59.61,17.97,9.55,9.34,0.311627221
4.811992047,141.84,76.49,62.25,19.42,10.94,9.59,0.344026884
4.817779267,144.05,76.97,62.36,18.02,9.14,8.58,0.29470853
4.823566473,149.04,80.11,65.25,18.53,8.71,8.32,0.289196834
4.829353674,153.9191919,83.14141414,67.25252525,19.07070707,8.464646465,8.04,0.298793432
4.835140864,155.2424242,85.26262626,69.33333333,20.13131313,9.262626263,8.69,0.297102971
4.840928052,153.5454545,84.97979798,70.33333333,21.61616162,11.52525253,9.4,0.322548481
4.846715255,157.4285714,87.05102041,72.29591837,22.56122449,12.18367347,9.97,0.330134747
4.852502452,160.57,86.97,72.7,22.34,11.07,9.27,0.321545198
4.858289638,160,87.22,73.47,22.04,10.76,9.31,0.310068733
4.864076816,162.4646465,88.88888889,74.94949495,22.67676768,10.11111111,9,0.296620991
4.869863987,164.8,90.82,76.83,22.88,11.05,9.51,0.318635147
4.875651148,168.2626263,93.22222222,78.93939394,23.81818182,11.74747475,10.3030303,0.358455641
4.881438312,168.5050505,92.91919192,79.33333333,24.54545455,12.56565657,10.77777778,0.351847706
4.887225494,164.62,92.24,78.56,24.01,11.42,9.84,0.307772414
4.893012674,167.43,93.1,80.01,24.61,11.64,10,0.330142071
4.898799844,170.3737374,96.60606061,81.41414141,27.3030303,12.8989899,10.34,0.581774161
4.904587007,168.959596,94.63636364,82.32323232,25.35353535,11.26262626,9.636363636,0.333350325
4.910374165,169.7373737,95.15151515,82.97979798,26.1010101,13.19191919,11.14,0.355018026
4.916161315,170.3131313,96.12121212,83.22222222,26.78787879,13.25252525,11.18181818,0.343237088
4.921948459,183.08,103.09,90.73,28.86,13.57,11.18,0.34510673
4.927735599,190.75,108.03,93.84,29.8,13.25,10.83,0.330284146
4.933522731,182.3200001,103.3800001,91.0300001,29.5400001,13.9600001,11.0800001,0.350434884
4.939309859,178.6020408,101.7857143,91.03061224,33.48979592,21.2755102,15.17171717,0.413251147
4.945096984,177.4747475,101.3838384,92.15151515,35.25252525,20.72727273,13.32323232,0.396572915
4.950884102,175.3030303,100.5151515,88.34343434,30.16161616,14.49494949,10.38,0.362142287
4.956671218,176.22,101.06,90.46,31.54,17.57,12.99,0.395219747
4.962458329,177.5500001,101.3400001,91.6200001,34.0500001,18.3200001,12.6900001,0.384437031
4.968245437,178.65,103.21,93.94,34.39,17.53,12.75,0.440836884
4.974032543,178.41,102.4,91.02,31.47,14.42,10.75,0.341824127
4.979819643,182.21,104.96,95.71,36.39,20.46,14.18,0.41954225
4.985606742,185.2121212,106.8080808,97.73737374,36.86868687,20.23232323,13.87878788,0.430884093
4.991393834,188.1616162,107.1111111,98.29292929,35.60606061,17.3030303,12.78,0.39404179
4.997180929,188.02,108.97,99.86,35.04,18.04,13.74,0.406711783
5.002968019,190.31,111.16,101.47,37.15,19.5,14.17,0.436620506
5.008755108,195.1212121,113.1010101,102.6868687,37.13131313,17.44444444,12.75,0.381580549
5.014542191,203.25,118.95,108.12,37.38,17.42,12.49,0.36548525
5.020329275,198.95,115.22,105.51,36.52,17.62,12.1,0.36855191
5.026116357,200.2323232,115.4343434,106.6969697,39.14141414,20.83838384,14.75,0.432199334
5.031903437,198.6326532,114.8061226,105.5408164,41.13265316,23.94897969,14.97979808,0.426211509
5.037690516,198.2323232,116.3535354,107.2424242,43.78787879,23.8989899,14.23,0.42481531
5.043477591,198.81,114.69,106.16,39.89,19.21,12.58,0.393174515
5.049264665,196.9081633,115.5816327,107.7040816,40.24489796,19.57142857,14.15306122,0.401418118
5.055051741,198.12,114.57,108.38,40.37,19.29,13,0.407415525
5.060838811,198.6363636,116.6969697,109.2121212,41.09090909,20.68686869,14.3,0.425800785
5.066625881,203.24,117.29,109.61,41.47,20.69,13.54,0.413535901
5.072412951,202.8080808,117.6969697,111.5959596,42.73737374,21.32323232,14.50505051,0.412411293
5.07820002,206.8484848,120.1111111,113.3131313,44.82828283,23.3030303,14.53535354,0.429984674
5.083987088,207.96,122.67,116.54,45.16,22.33,16.26,0.464567778
5.089774154,207.0918367,122.2040816,114.7346939,43.66326531,20.19387755,14.11111111,0.40931522
5.095561219,208.3030303,123.5656566,117.4242424,47.07070707,23.49494949,16.3,0.495984964
5.101348284,208.7979798,122.3535354,117.0606061,45.90909091,22.46464646,15.18181818,0.469054274
5.107135345,212.62,125.08,117.15,45.59,22.26,14.98,0.443250451
5.112922409,213.8282828,126.3535354,118.7171717,46.75757576,22.06060606,14.51515152,0.431000868
5.11870947,216.87,127.48,123.46,48.14,20.95,14.18,0.422956874
5.124496533,218.9795919,130.8367348,125.734694,50.3877552,22.57142867,15.12121222,0.438963143
5.130283592,220.7272727,131.8282828,127.4141414,51.64646465,23.6969697,15.47,0.439976703
5.136070656,221.68,133.52,129.02,52.87,25.24,15.82,0.458837638
5.141857719,224.32,133.56,130.89,52.71,23.85,15.86,0.465971072
5.147644779,224.07,134.58,129.56,52.09,21.76,14.52,0.41933464
5.153431839,223.83,134.83,130.16,52.83,23.16,14.65,0.434763386
5.159218898,225.98,135.57,132.43,54.13,24.17,15.47,0.46007394
5.165005958,230.2,138.85,136.62,59.11,26.1,16.17,0.62650914
5.170793016,227.39,136.8,133.83,55.58,23.74,14.89,0.465912889
5.176580069,228.22,137.43,136.14,60.29,29.78,17.95,0.490774197
5.182367114,230.7200001,139.0100001,138.0200001,61.4600001,30.6700001,17.9200001,0.507419259
5.188154186,227.34,136.72,135.85,59.47,28.8,18.32,0.508290284
5.193941461,231.8484849,142.4545456,141.9595961,63.62626273,33.06060616,18.5300001,0.522918471
5.199728769,233.84,141.97,142.96,63.95,30.27,16.98,0.48694229
5.205516061,230.2828283,141.6060606,141.8585859,63.46464646,28.92929293,16.52525253,0.473633003
5.211303337,231.6666667,140.6060606,142.4646465,62.24242424,28.3030303,16.49,0.485976757
5.217090616,232.8673469,141.4897959,142.9285714,64.67346939,29.94897959,16.76530612,0.484776669
5.222877903,238.5353535,145.1515152,146.8484848,66.42424242,30.11111111,18.22222222,0.581443902
5.228665173,237.41,145.05,145.5,64.12,26.39,16,0.468743473
5.234452429,238.56,145.54,147.67,66.27272727,27.03,15.87,0.470964232
5.240239676,239.4,147.4,148.37,65.52,28.46,16.53,0.472157885
5.246026909,238.68,147.31,150.75,66.35,29.04,16.46,0.462794364
5.251814131,242.24,148.75,150.61,66.96,29.21,16.26,0.475563697
5.257601354,244.81,150.3,152.9,66.99,27.59,16.38,0.482205498
5.263388596,247.7171717,151.7070707,154.4848485,68.28282828,27.45454545,16.47,0.472054288
5.269175826,249.35,153.29,154.87,67.95,26.93,15.73,0.472775262
5.274963044,250.5656566,155.2020202,158.6565657,70.8989899,30.23232323,17.98989899,0.506410766
5.280750254,255.47,159.38,163.55,74.11,30.44,17.87,0.521758101
5.286537453,258.7070707,158.020202,162.969697,73.74747475,30.45454545,17.54,0.50810544
5.292324643,258.85,160.91,166,78.49,33.29,20.07,0.589434234
5.298111824,256.1414141,158.5050505,165.6464646,76.43434343,32.84848485,18.52525253,0.531898109
5.303898997,258.27,160.17,168,79.93,36.04,20.21,0.576230166
5.309686165,260.3367347,161.244898,170.1020408,82.04081633,38.06122449,20.88,0.571854391
5.315473323,262.0204082,163.9387755,173.5306122,93.25510204,54.93877551,27.34343434,0.719787453
5.321260476,263.56,164.79,175.43,91.87,48.03,22.26,0.611208811
5.327047621,254.9393939,159.1818182,165.7676768,78.29292929,31.5959596,18.09090909,0.531297742
5.332834762,258.57,161.68,170.25,83.61,36.34,20.02,0.568150437
5.338621898,259.8989899,162.7070707,171.3838384,86.16161616,42.47474747,21.74,0.634785784
5.344409028,260.24,162.34,173.05,86.06,37.22,19.08,0.540024988
5.350196152,262.5670103,164.4639175,176.9381443,92.62886598,47.19587629,24.3877551,0.644447663
5.355983273,265,169.72,180.66,97.49,49.8,23.11,0.639232515
5.361770389,261.7676768,164.1010101,174.6363636,84.55555556,31.68686869,16.31313131,0.473356298
5.367557501,262.02,165.38,177.55,86.18,32.83,17.84,0.748610364
5.37334461,272.5252525,171.8383838,186.2222222,95.04040404,39.56565657,22.07,0.593176397
5.379131714,270.9494949,171.4040404,183.7474747,90.60606061,36.53535354,19.96969697,0.64387011
5.384918817,270.75,170.79,184.93,95.11,40.69,21.78,0.601619212
5.390705914,271.1212121,172,186.1313131,94.19191919,37.47474747,19.83,0.564046917
5.396493009,275.7653061,177.5714286,193.4591837,105.7755102,49.55102041,27.72727273,0.763488065
5.402280104,270.1836735,171.4183673,186.2040816,93.71428571,37.35714286,19.48484848,0.546586429
5.408067195,266.989899,169.1212121,186.010101,92.44444444,34.66666667,17.96969697,0.576177071
5.413854282,266.84,168.66,187.17,94.28,35.46,18.75,0.539297422
5.419641367,271.78,172.05,190.83,97.76,36.05,18.03,0.540628905
5.425428451,273.81,173.19,191.14,97.56,37.6,18.62,0.538891327
5.431215531,276.81,177.6,196.35,101.66,36.76,18.86,0.561594649
5.437002612,273.2424242,176.0505051,193.3030303,99.68686869,38.47474747,20.8,0.5806367
5.442789689,276.5102041,177.4285714,197.255102,101.5102041,37.7244898,18.84,0.542763231
5.448576766,282.9696971,180.5555557,200.89899,104.6464647,38.98989909,20.58585869,0.571954518
5.454363841,287.74,184.29,204.08,105.09,40.52,20.32,0.570662029
5.460150915,288.09,185.55,204.29,108.48,43.61,20.73,0.577113938
5.465937984,283.93,182.39,203.63,107.75,43.94,20.93,0.577153126
5.471725054,284.54,182.06,201.46,105.08,40.29,19.56,0.552750159
5.477512121,287.38,184.11,203.27,104.11,38.25,19.45,0.550786085
5.483299189,299.8888889,193.4444444,219.7878788,122.9494949,48.95959596,24.19191919,0.739169851
5.489086253,302.97,195.18,220.4,127.53,67.1,34.02,0.914619069
5.494873318,311.2525253,201.2626263,228.7676768,150.5959596,95.66666667,41.37,1.028701727
5.500660382,304.6060606,197.2929293,222.9494949,132.3939394,63.94949495,29.34343434,0.859065625
5.506447446,299.969697,194.040404,216.2727273,115.8787879,46.58585859,23.08080808,0.651820851
5.512234514,303.020202,196.4141414,219.010101,118.1515152,49.28282828,23.73737374,0.718115552
5.518021581,305.83,199.63,223.42,121.36,49.62,22.61,0.644830271
5.523808647,310.34,201.61,226.24,120.46,47.53,23.07,0.6492754
5.529595712,310.52,201.55,228.68,122.64,48.2,24.21,0.665513759
5.535382779,312.1818182,202.8080808,227.6666667,124.7979798,47.68686869,23.08080808,0.668711049
5.541169843,313.46,204.45,230.73,131.96,57.01,26.94,0.735296962
5.5469569,309.98,201.34,228.52,125.25,49.48,23.67,0.650810117
5.552743934,311.5,204.1632653,232.9081633,128.7346939,48.76530612,22.89795918,0.655621832
5.558530961,315.3131313,206.3232323,234.8989899,134.5353535,53.61616162,24.74,0.697943748
5.56431799,315.020202,206.3030303,233.5454545,130.8484848,51.08080808,23.43434343,0.657311771
5.570105132,314.8080808,206.3434343,235.6969697,130.4949495,50.48484848,23.35,0.664232356
5.575892442,318.3737374,208.2424242,239.2727273,132.4949495,48.95959596,23.47474747,0.668961948
5.581679737,321.88,210.15,243.15,134.07,49.77,23.75,0.684136154
5.58746702,325.71,213.31,244.41,137.9,52.08,25.64,0.714566266
5.593254311,330.16,218.84,252.99,147.52,62.91,28.87,0.79639308
5.599041602,335.3,219.56,255.78,146.7,59.45,27.68,0.776805026
5.604828876,335.5454546,221.2626264,256.2020203,143.909091,53.26262636,24.7979799,0.702795957
5.610616136,335.26,221.72,257.38,144.94,52.48,24.33,0.704743494
5.616403383,335.82,223.32,259.38,146.99,54.11,24.58,0.702567661
5.622190619,338.1010101,223.9393939,260.8282828,149.3535354,53.81818182,23.49494949,0.693937472
5.627977844,338.68,225.64,261,149.75,53.66,25.12,0.700439352
5.63376507,343.6868687,228.7676768,267.1414141,154.6666667,56.88888889,25.86133038,0.80893641
5.639552308,340.79,227.03,267.67,153.56,55.58,25.11,0.731565739
5.64533953,338.6,226.87,265.76,154.97,56.72,25.62,0.736098582
5.651126741,345.62,232.91,274.81,164.43,62.54,27.32,0.789452646
5.656913945,345.7979798,232.7676768,275.0707071,162.040404,61.25252525,26.39393939,0.740095657
5.662701137,347.45,232.17,277.58,163.76,60.58,26.85,0.748539953
5.668488322,346.3636364,234.4242424,279.3333333,170.7272727,67.53535354,29.69,0.844396266
5.674275509,344.959596,233.1717172,282.969697,174.3535354,68.39393939,29.28,0.844232283
5.680062717,341.67,231.48,281.43,174.6,69.68,29.03,0.803921714
5.685849916,342.4,234.68,283.15,177.65,68.14,27.97,0.816261355
5.691637106,348.3333333,236.1515152,288.1818182,179.989899,69.62626263,28.98,0.812623316
5.697424286,359.3571429,246.755102,302.0918367,196.4795918,88.06122449,37.33333333,1.011439175
5.703211459,366.77,250.63,307.21,212.31,112.25,44.09,1.151125191
5.708998624,370.6428571,252.1734694,310.622449,209.6938776,94.51020408,35.53061224,1.035866016
5.714785782,366.4,251.54,308.32,194.89,77.07,30.99,0.942664895
5.720572931,376.1717172,257.7171717,311.1212121,200.4646465,85.26262626,36.35,0.993726678
5.726360075,383.32,262.51,324.38,221.93,110.84,43.79,1.165275407
5.732147214,380.8585859,259.7979798,317.3333333,202.4040404,84.66666667,34.33,0.999994469
5.737934347,386.1111111,262.5151515,317.1515152,199.3232323,78.81818182,32.25252525,0.919884153
5.743721474,401.16,273.55,335.4,217.33,92.22,37.38,1.060167597
5.749508595,400.9191919,272.1010101,330.6262626,206.1919192,81.51515152,32.6,0.938369043
5.755295714,388.68,265.76,323.91,204.13,78.57,31.5,0.908480019
5.761082827,401.1010101,272.2424242,335.1111111,216.3535354,86.21212121,34.31313131,0.962784749
5.766869934,403.58,276.24,338.4,218.14,88.38,34.66,1.005580752
5.772657041,402.4747475,276.5656566,338.5555556,218.5858586,86.41414141,34.84848485,0.997283534
5.778444141,405.69,280.49,345.56,223.55,88.43,34.25,1.045075636
5.784231238,403.6767677,277.9191919,344.1010101,224.8080808,88.88888889,33.86,0.978989091
5.790018333,413.5454545,284.6161616,356.3939394,238.8484848,102.4848485,42.01010101,1.270265563
5.795805424,413.25,285.94,355.11,233.96,93.64,34.82,1.012779945
5.801592512,417.5858586,289.2121212,358.5353535,238.1717172,95.52525253,36.08080808,1.032827716
5.807379597,419.4545455,291.969697,361.7373737,240.4848485,98.95959596,37.49494949,1.060608289
5.81316668,424.35,292.43,365.04,243.11,103.93,40.37,1.108844332
5.818953761,432.19,299.4,372.85,245.49,102.82,37.82,1.071968223
5.824740839,437.628866,303.5360825,378.5670103,251.0412371,103.5463918,37.90816327,1.067181245
5.830527917,447.03,310.51,383.99,255.41,108.58,41.22,1.150917683
5.836314989,454.49,312.78,391.65,264.7,116.18,43.11,1.17391472
5.842102062,462.3030303,321.4545455,405.2323232,293.2727273,138.6464646,55.37,2.257988777
5.847889131,461.5,320.23,398.29,274.21,123.3,43.69,1.2070629
5.853676202,461.52,321.05,399.07,272.63,120.82,41.35,1.185487829
5.85946327,461.6060606,321.4040404,400.8383838,275.7575758,117.5050505,40,1.160234297
5.865250334,468.73,326.01,406.77,277.66,120.36,42.89,1.193273275
5.8710374,473.43,329,412.76,280.43,119.13,41.24,1.167406447
5.876824463,477.4040404,333.1919192,416.3939394,287.3535354,124.6161616,42.81,1.214747103
5.882611525,488.71,339.98,428.56,301.37,135.05,46.05,1.287392076
5.888398586,493.34,344.93,431.95,302.34,135.04,46.38,1.282999648
5.894185648,504.29,352.39,438.12,303.94,136.82,46.03,1.332608306
5.899972709,508.5252525,355.1313131,443.1919192,305.7171717,135.6262626,47.08080808,1.291021807
5.905759765,513.6060606,357.8585859,449.7272727,311.8888889,137.2929293,45.56,1.274676526
5.911546824,518.91,365.64,457.49,320.37,147.09,49.8,1.374067253
5.917333878,524.91,367.1,456.06,315.68,143.21,47.74,1.345734423
5.923120933,528.1530612,369.8469388,459.9693878,321.3571429,141.0612245,46.27272727,1.304148339
5.928907987,538.86,377.3,471.44,331.06,150.51,50.66,1.393303787
5.93469504,549.040404,383.1212121,479.7171717,339.4646465,160.7373737,52.83,1.460572336
5.940482094,543.07,380.04,472.08,329.29,152.96,50.6,1.612644905
5.946269158,541.6,379.28,473.63,336.48,158.3,50.18,1.431954604
5.952056401,545.3838384,382.1515152,477.7171717,341.1919192,160.4242424,52.53535354,1.483598657
5.957843686,551.95,389.64,484.72,347.93,163.44,51.19,1.470228444
5.963630957,550.62,388,485.39,342.67,159.12,50.03,1.421466687
5.969418238,561.62,393.63,493.93,353.03,167.04,51.63,1.471632716
5.97520551,573.84,404.62,504.55,366.64,175.29,55.23,1.565490606
5.980992768,577.96,406.08,507.71,367.67,176.67,55.86,1.578167829
5.986780013,583.49,406.25,507.38,363.74,176.82,55.49,1.575226407
5.992567247,584.23,409.57,511.1,364.44,177.8,54.77,1.533583003
5.998354468,592.3939394,414.92,516.3131313,372.0707071,183.1515152,54.68,1.581159276
6.00414168,591.6300001,415.8600001,518.9800001,371.2200001,181.8400001,57.0500001,1.617061503
6.009928908,598.0918367,420.3838384,522.6530612,379.1836735,188.5816327,58.22222222,1.645800173
6.015716143,600.6666667,419.1515152,523.989899,377.4444444,188.6767677,57.32323232,1.62247277
6.021503365,606.58,425.98,531.32,384.51,196.65,60.18,1.962167058
6.027290576,616.443299,432.3877551,542.1443299,397.8556701,206.6804124,61.6122449,1.816233894
6.033077777,617.09,435.39,547.46,408.34,214.18,63.75,1.855494269
6.038864968,625.63,438.93,547.32,401.53,208.83,58.68,1.696160299
6.044652151,621.5918367,437.9285714,547.1122449,392.0816327,199.2959184,57.01674174,1.623909716
6.050439328,628.3469388,440.8080808,551.9897959,403.8571429,210.5408163,63.81818182,1.811126392
6.056226494,628.36,440.31,549.16,390.11,198.67,58.92,1.651730398
6.062013652,639.67,448.5,555.79,398.09,204.53,58.81,1.691413542
6.067800804,645,453.14,562.95,402.78,205.73,59.65,1.714970795
6.07358795,647.755102,455.2323232,563.0510204,400.0204082,202.6428571,57.14711892,1.647025883
6.07937509,653.959596,459.3,563.6363636,398.2424242,202.1616162,58.56,1.667911616
6.085162224,660.53,464.08,568.88,399.43,203.63,61.92,1.763729828
6.090949351,661.6464646,459.58,560.7272727,383.020202,186.8181818,55.61,1.599755532
6.096736475,659.1010101,456.11,554.1111111,375.0909091,181.2828283,54.68686869,1.562633317
6.102523595,658.8571429,456.8888889,557.0408163,376.4489796,184.122449,56.18367347,1.601971724
6.108310709,659.8585859,459.17,553.2727273,373.3939394,183.3333333,55.93939394,1.58430048
6.114097818,660.9,461.23,558.04,381.71,187.78,56.32,1.627201406
6.119884921,670.69,465.85,570.64,392.43,197.04,58.19,2.223915956
6.125672026,675.96,472.97,573.96,389.93,193.15,58.3,1.643521513
6.131459123,691.11,482.93,592.21,411.51,208.24,66.1,1.804696288
6.137246218,705.3030303,488.4444444,594.4545455,404.7979798,203.5858586,62.36,1.905964072
6.14303331,723.33,503.76,606.87,407.59,206.91,63.26,1.724757687
6.148820398,725.48,503.3799585,601.35,393.15,189.43,1.84E+22,1.56462975
6.154607485,717.7400001,495.3200001,591.8700001,386.8500001,188.4900001,1.39E+21,1.577891651
6.160394569,733.72,508.31,604.76,397.49,196.23,3.64E+31,1.616610377
6.166181649,743.9799584,516.82,614.72,409.06,204.09,57.12,1.671998616
6.171968728,741.92,517.66,618.12,413.96,209.74,58.96,1.721410586
6.177755805,747.74,516.57,617.4,412.79,211.19,59.48,1.719042003
6.18354288,741.93,513.3400415,612.11,407.02,207.93,7.12E+20,1.67011692
6.189329954,739.0699584,507.7399585,606.8,408.71,212.15,3.87485E+13,1.752927529
6.195117024,746.4300001,507.8399586,598.5900001,391.5000001,194.4700001,54.4500001,1.626841531
