Day fraction since midnight on 1/18/2021,2-3 um,3-5 um,5-9 um,9-17 um,17-33 um,33-65 um,Turb settled w/ blanket (),Time Elapsed (Hours)
0.347812372,95.13,39.74,15.29,2.62,0.06,0,0.074994309,-8.89032552
0.353596803,4.19,2.28,1.46,0.47,0.16,0,0.139724492,-8.751499181
0.359384125,227.87,493.93,2299.37,3006.05,537.33,293.28,0.117483866,-8.612603458
0.365171166,1591.61,1818.1,1495.96,354.95,77.17,22.76,0.102865658,-8.473714469
0.370958177,5624.35,7626.52,7794.08,2112.32,561.65,266.51,0.097518987,-8.334826219
0.376745232,4509.39,8444.04,12635.27,2969.51,442.13,134.49,0.090637137,-8.195936885
0.382532426,5.64146E+12,5.64153E+12,645.3100428,165.21,21.15,4.330041041,0.085989833,-8.057044234
0.388319585,5426,-2.42E+22,11911.46,1614.62,120.71,13.77,0.103068907,-7.91815243
0.394106674,6053.08,10499.31,11316.1,1269.75,74.59,5.53,4.000615233,-7.779262282
0.399893728,2634.83,4154.26,7429.94,2907.64,1070.74,523.83,5.531104396,-7.640372986
0.405680771,341347.64,9451.09,11815.47,1333.5,65.54,5.949999991,3.644939635,-7.501483966
0.411467811,5.26,3.98,3.06,0.54,0.06,0,2.691390395,-7.362595001
0.417254853,0,0,0,0,0,0,2.218401976,-7.223705978
0.423041898,1170.41,817.35,807.83,304.41,66.79,7.3,1.541884441,-7.084816918
0.428829221,3008.01,2070.56,1900.73,601.44,98.7,6.71,0.984485687,-6.945921146
0.43461646,2358.92,1584.23,1387.98,401.11,59.39,3.65,0.725686741,-6.807027432
0.440403528,2035.32,1358.85,1159.47,307.73,40.47,2.05,0.603107474,-6.668137781
0.446190572,1951.09,1310.75,1102.15,270.11,31.12,1.35,0.56117489,-6.529248727
0.451977781,2002.8,1364.01,1142.4,262.81,26.07,1,0.555989894,-6.390355721
0.457764957,2007.57,1371.69,1151.05,256.04,23.15,0.89,0.544093671,-6.251463504
0.463552028,2253.13,1562.61,1333.83,299.21,27.07,0.9,0.595509846,-6.112573795
0.469339163,2764.43,1963.65,1739.94,404.35,39.51,1.1,0.698523874,-5.97368255
0.475126306,1.59E+27,3.70E+17,2404.63,596.66,65.81,2.63,0.912271352,-5.834791123
0.48091337,2029.09,1410.159916,1196.21,263.52,26.36,2.00E+35,0.592669861,-5.695901585
0.486700441,1230.02,833.27,664.68,139.65,13.96,0.75,0.369814391,-5.557011871
0.492487527,1252.300042,851.67,697.22,156.58,17.82,1.90556E+15,0.382804222,-5.418121814
0.498274593,1479.55,1014.38,841.11,190.92,22.73,1.05,0.43741869,-5.279232223
0.504061651,1362.46,933.6400417,768.37,171.58,19.39,-9.24681E+12,0.408835127,-5.140342838
0.509848755,1315.5,904.22,737.76,163.63,19.42,1,0.392540738,-5.001452347
0.515635956,1062.390126,722.94,586.35,129.99,15.93,0.91996563,0.337588954,-4.862559528
0.521423095,1314.09,892.76,728.87,155.75,16.45,1.625,0.378829703,-4.723668182
0.527210191,1320.389958,901.3299583,736.54,156.24,17.58,1.03,0.394695421,-4.584777881
0.532997276,1287.03,879.0400001,710.9600001,151.7700001,16.8700001,1.0000001,0.381124659,-4.445887841
0.53878437,1062.859958,722.26,568.96,115.31,12.33,0.92,0.329511238,-4.306997578
0.544571444,800.01,536.81,414.19,81.41,8.44,0.46,0.254292607,-4.168107814
0.550358533,636.86,422.47,318.77,63.95,7.23,0.55,0.219030668,-4.029217658
0.556145755,530.84,349.94,261.96,53.78,6.85,0.55,0.202287583,-3.890324347
0.561932917,428.72,277.65,205.01,42.3,5.27,0.36,0.173789226,-3.751432457
0.567720027,345.92,219.27,158.73,33.19,4.54,4.06E+27,0.157214689,-3.612541812
0.573507108,303.59,187.59,133.27,28.52,3.64,0.26,0.146494131,-3.473651866
0.579294186,253.12,152.14,103.75,21.98,2.84,0.08,0.130129964,-3.334762001
0.585081287,214.42,124.62,82.55,17.24,2.26,1267015352,0.123147097,-3.195871582
0.590868376,195.39,107.88,68.23,13.62,1.58,0,0.117364592,-3.056981441
0.596655544,179.22,96.24,59.75,12.05,1.04,0,0.110940038,-2.918089402
0.602442683,170.44,88.91,54.22,11.94,1.43,0,0.109980614,-2.779198066
0.608251776,157.25,79.13,48.98,12.11,1.76,0.09,0.115960942,-2.639779838
0.614074727,149.26,74.05,47.57,12.7,2.4,0.07,0.110311252,-2.500029
0.619861791,142.6,69.43,44.83,12.81,2.36,0.1,0.111092256,-2.361139476
0.62564885,134.01,65.47,42.69,12.76,2.25,0,0.107871292,-2.222250065
0.631435958,134.5,65.65,43.19,13.47,2.54,0.1,0.111694823,-2.083359475
0.637223148,129.2,62.36,39.83,11.91,2.09,0.1,0.10546994,-1.944466918
0.643010329,123.13,57.95,34.55,9.7,1.27,0,0.095195007,-1.805574569
0.648797448,122.23,58.19,34.66,10.08,1.38,5.84E+33,0.10188411,-1.666683703
0.654584536,128.53,61.44,40.5,13.74,2.55,0,0.119769865,-1.527793598
0.660371604,127.33,61.42,40.26,14.37,2.55,0.05,0.135607325,-1.388903957
0.666158662,123.37,59.28,39.09,12.89,2.3,0.11,0.105393997,-1.250014567
0.671945714,116.5,54.28,32.88,9.84,1.48,-2.31E+18,0.092501059,-1.111125329
0.677732831,112.43,51.67,31.22,8.88,1.35,0,0.096622108,-0.972234506
0.683519992,163.69,74.33,48.77,17.98,3.86,0.66,0.137363364,-0.833342659
0.689307124,1098.68,536.85,460.82,210.79,51.25,9.37,1.180835284,-0.694451494
0.695094235,7.39E+17,1108.869958,937.56,409.14,90.5,14.03,2.437561577,-0.555560818
0.700881333,2518.66,1243.06,1032.57,432.01,92.03,14.76,2.619423112,-0.416670461
0.706668421,2454.79,1185.17,962.51,394.07,80.99,13.15,2.498663383,-0.277780361
0.712455495,2368.28,1119.38,890.31,351.58,75.55,12.92,2.341392274,-0.138890585
0.718242603,2149.32,990.02,771.89,311.34,71.38,13.8,2.191100959,0
0.724029775,1948.2,872.17,677.8,272.82,65.03,13.72,1.919928096,0.13889215
0.729816916,1808.102041,796.2653061,610.4081633,246.3673469,58.39795918,13.17346939,1.799674444,0.277783526
0.735604033,1676.424242,725.8181818,548.1818182,217.6666667,52.42424242,12.07070707,1.653880858,0.416674327
0.741391134,1566.66,669.44,502,201.26,48.73,12.29,1.618023584,0.555564749
0.747178222,1472.72,620.58,466.39,183.42,44.96,11.24,1.487009124,0.694454863
0.7529653,1406.959596,591.5959597,444.2121213,176.5050506,43.70707081,10.88888899,1.39889947,0.83334474
0.758752395,1328.12,556.52,421.87,166.97,41.85,10.99,1.386625925,0.972235013
0.764539579,1233.242424,515.7474747,391.2929293,158.1010101,39.8989899,10.8728186,1.308043471,1.111127431
0.770326744,1159.747475,486.1515152,371.6666667,148.5858586,37.16161616,10.55555556,1.233308059,1.250019406
0.77611388,1089.74,459.45,353.5,139.66,33.62,9.57,1.191136582,1.38891066
0.781900994,1036.151515,438.0909091,337.0808081,133.5757576,31.56565657,8.919191919,1.068899342,1.527801396
0.787688093,990.6262626,421.3434343,329.020202,128.7474747,31.09090909,8.818181818,1.102664285,1.666691772
0.79347518,958.66,411.72,320.98,126.2,29.26,8.74,1.027389187,1.805581853
0.799262265,904.82,386.49,302.73,118.37,26.59,8.09,0.984225275,1.944471893
0.80504943,843.5151515,363.6363636,285.4343434,109.979798,25.64646465,7.919191919,0.944023683,2.083363853
0.810836593,797.9278351,346.1958763,277.4639175,106.4845361,24.01030928,7.525773196,0.881027515,2.222255779
0.816623732,766.4,337.5,273.38,106.81,23.76,7.49,0.852591408,2.361147113
0.822410845,731.29,327.36,264.9,102.68,21.69,6.78,0.819908846,2.50003783
0.828197946,706.8877551,317.744898,260.7959184,99.28571429,20.60204082,6.581632653,0.811034341,2.638928251
0.833985031,678.57,310.04,256.88,97.06,20.01,6.62,0.770753085,2.777818277
0.839772111,652.5757578,304.1919194,254.3838386,96.44444465,19.77777798,6.929293131,0.767205562,2.916708197
0.845559255,628.1734694,294.9285714,249.1122449,92.05102041,18.02040816,5.897959184,0.714287671,3.055599653
0.851346415,611.04,287.39,244.11,88.6,16.56,5.91,0.69383499,3.194491507
0.857133552,578.5151515,277.7272727,232.3939394,81.58585859,13.86868687,4.949494949,0.652770002,3.333382788
0.862920668,557.0927835,268.3298969,225.4948454,76.44329897,11.83505155,4.041237113,0.605665756,3.472273562
0.868707782,538.9494949,262.4545455,221.3939394,72.08080808,10.90909091,3.696969697,0.591909816,3.611164301
0.874494882,524.2020202,256.0909091,213.7979798,68.81818182,9.787878788,3.434343434,0.601298477,3.750054718
0.880281972,502.09,248.8,205.67,64.52,8.4,2.81,0.545677119,3.888944878
0.88606909,489.65,243.06,202.26,61.83,7.88,2.74,0.516200405,4.027835707
0.89185624,475.3571429,238.6836735,197.4081633,59.33673469,6.948979592,2.918367347,0.508954028,4.166727298
0.897643366,465.9292929,234.7676768,193.5050505,57.58585859,6.828282828,2.565656566,0.489894036,4.305618312
0.903430473,460.23,231.41,192.28,55.2,6.08,2.46,0.475683573,4.444508887
0.909217567,452.1111111,230.2222222,191.1616162,55.01010101,5.95959596,2.373737374,0.481502075,4.583399148
0.915004648,450.4795918,229.8367347,192.6734694,54.56122449,5.846938776,2.428571429,0.485356498,4.722289087
0.920791723,450.73,233.8,193.14,55.34,5.65,2.26,0.477826495,4.861178882
0.926578826,456.1414141,234.969697,195.1919192,56.44444444,5.797979798,2.414141414,0.458310085,5.000069354
0.932366003,454.96,235.55,196.45,56.13,6.03,2.61,0.449096512,5.138961612
0.938153154,459.2828283,240.3131313,201.6969697,57.1010101,5.646464646,2.494949495,0.469806914,5.277853224
0.94394028,466.24,242.47,204.8,56.57,5.85,2.94,0.476150441,5.416744267
0.949727389,469.2,246.45,206.9,58.2,6.36,2.91,0.475404243,5.555634886
0.955514483,475.8,251.1,213.14,59.93,6.39,2.81,0.467519506,5.694525132
0.961301582,484.25,257.07,217.62,62.06,6.94,3.25,0.486470135,5.833415518
0.967088698,497.93,266.17,223.35,62.84,6.25,3.06,0.489685254,5.972306282
0.972875856,513.979798,275,232.1717172,63.94949495,6.151515152,2.787878788,0.47289164,6.111198079
0.978662997,517.8989899,279.1313131,236.1818182,66.58585859,7.101010101,3.111111111,0.488435075,6.250089463
0.984450116,541.05,295.34,254.4,74.85,8.5,4.3,0.527149174,6.388980329
0.99023722,553.43,301.02,261.11,75.99,8.49,4.08,0.530642987,6.527870813
0.996024311,563.31,306.51,263.48,77.29,8.57,4.02,0.514738385,6.666760992
1.001811392,574.65,315.32,272.02,78.51,8.83,4.23,0.518890708,6.805650948
1.00759847,572.98,315.86,269.58,76.64,8.1,4.09,0.514195555,6.944540815
1.013385627,591.8061224,325.755102,279.0408163,81.32653061,9.173469388,4.836734694,0.575450503,7.0834326
1.019172785,599.69,334.06,284.93,81.23,8.5,4.09,0.526792281,7.22232439
1.024959918,595.744898,330.6020408,284.0204082,80.67346939,8.724489796,4.479591837,0.534282376,7.36121557
1.030747027,620.7244898,346.6122449,300.2755102,86.09183673,9.551020408,4.642857143,0.53281838,7.500106198
1.036534126,637.6,355.81,312.77,93.34,11.64,5.72,0.611811756,7.638996557
1.042321211,634.53,352.65,304.82,88.08,10.01,5.05,0.587341907,7.777886599
1.04810828,643.5454545,359.1616162,308.3939394,87.65656566,9.797979798,4.919191919,0.538435851,7.916776262
1.053895379,662.9600001,369.8000001,322.1800001,95.8400001,13.5800001,6.6900001,0.648465108,8.055666634
1.059682495,658.7171717,371.3131313,320.979798,92.39393939,10.43434343,5.303030303,0.561077719,8.194557415
1.065469602,665.54,375.45,324.05,93.44,10.94,5.86,0.572150977,8.333447976
1.071256697,666.07,373.53,322.15,91.65,9.56,4.96,0.53807847,8.472338263
1.077043792,652.62,366.68,315.09,86.11,8.66,4.42,0.523628028,8.611228558
1.08283088,644.6969697,360.8989899,305.6969697,81.82828283,7.525252525,3.919191919,0.51911849,8.750118653
1.088617963,636.5,356.2959184,300.2142857,77.2244898,6.765306122,3.846938776,0.491269203,8.889008652
1.094405068,630.77,349.46,293.02,73.82,6.24,3.7,0.487370402,9.027899179
1.1001922,614.6969697,343.2525253,284.3131313,69.98989899,5.808080808,3.696969697,0.505646957,9.16679034
1.105979323,609.1818182,337.2525253,277.8080808,66.72727273,5.04040404,3.292929293,0.458662291,9.30568129
1.111766434,604.6363636,336.3838384,274.1818182,64.1010101,5,2.848484848,0.450274945,9.444571956
1.117553537,592.2755102,328.6734694,265.2755102,60.13265306,4.234693878,2.739583333,0.421890506,9.583462421
1.123340636,595.1010101,330.5353535,267.8181818,63.35353535,6.696969697,4.01010101,0.649009376,9.722352799
1.129127727,603.37,336.27,282.89,80.13,13.28,5.99,0.794254135,9.861242981
1.134914831,583.9494949,322.969697,254.8787879,54.22222222,3.595959596,2.393939394,0.444537187,10.00013348
1.140701964,581,317.9494949,249.989899,52.92929293,3.474747475,2.535353535,0.39852154,10.13902467
1.146489091,567.25,311.76,245.01,50.97,2.95,2.36,0.402384302,10.27791571
1.152276212,574.2,315.01,250.02,52.56,3.15,2.38,0.399767378,10.41680663
1.158063327,594.75,330.88,260.66,57.57,4.55,2.89,0.451686312,10.55569738
1.163850434,612.74,337.01,265.61,55.72,3.32,2.53,0.39678778,10.69458796
1.169637531,615.03,339.12,267.19,54.97,3.39,2.52,0.404989387,10.83347829
1.175424631,618.19,341.95,268.42,55.34,3.43,2.51,0.400869573,10.97236867
1.181211761,620.82,341.92,269.44,56.09,3.39,2.55,0.397738679,11.1112598
1.18699888,621.8163265,344.244898,272.255102,57.14285714,3.571428571,2.93877551,0.414872212,11.25015066
1.192785993,629.28,348.62,275.53,58.65,3.71,2.65,0.422092822,11.38904137
1.1985731,629.2828283,347.2828283,273.3434343,56.78787879,3.393939394,2.757575758,0.40525776,11.52793193
1.204360197,635.989899,349.959596,273.1313131,56.39393939,3.333333333,2.747474747,0.420020352,11.66682228
1.210147288,645.61,355.73,278.69,57.45,3.29,2.76,0.405293762,11.80571246
1.21593438,642.8585859,353.8383838,275.3838384,57.44444444,3.646464646,2.95959596,0.411038348,11.94460266
1.221721515,648.16,356.19,276.07,56.11,3.15,2.78,0.403042856,12.08349389
1.227508653,651.73,360.31,280.62,57.65,3.25,2.84,0.407520167,12.22238522
1.233295782,651.9693878,359.2653061,276.744898,56.10204082,3.295918367,2.714285714,0.398621764,12.36127631
1.2390829,644.7878788,357.1313131,277.1919192,56.03030303,5,2.535353535,0.39454658,12.50016714
1.244870013,649.9191919,357.5656566,277.4141414,57.04040404,3.97979798,2.909090909,0.409470407,12.63905786
1.250657122,662.2121212,364.4343434,282.4747475,58.65656566,3.595959596,2.838383838,0.394720702,12.77794847
1.256444225,668.8265306,367.377551,284.744898,57.62244898,3.479591837,2.591836735,0.413590581,12.91683895
1.262231351,685.05,377.54,292.41,60.09,3.44,2.76,0.431470085,13.05572995
1.26801848,701.48,385.65,297.98,60.95,3.58,3.04,0.412508579,13.19462105
1.2738056,733.5656566,404.3030303,312.8282828,62.15151515,3.96969697,3.333333333,0.420212109,13.33351195
1.279592713,714.77,387.81,288.17,55.11,4.37,4.47,0.452687723,13.47240266
1.285379817,615.7171717,328.2121212,239.8484848,44.23232323,3.212121212,3.353535354,0.40520803,13.61129314
1.291166916,633.6464646,342.3131313,252.4949495,48.25252525,2.909090909,2.494949495,0.387447359,13.75018352
1.296954007,668.9292929,361.6363636,273.8787879,52.85858586,3.202020202,2.242424242,0.404428421,13.88907371
1.302741124,689.19,374.46,285.45,57.02,4.23,2.62,0.46558896,14.02796451
1.308528266,705.53,381.98,289.47,57.23,3.63,2.35,0.412209055,14.16685592
1.314315399,715.58,385.88,291.55,57.17,3.54,2.29,0.417447304,14.30574711
1.320102519,722.1030928,391.0927835,293.0309278,57.90721649,3.762886598,2.536082474,0.422822944,14.44463799
1.325889635,716.27,389.86,292.42,58.08,3.83,2.38,0.407240638,14.58352877
1.331676737,714.82,386.02,290.8,56.99,3.2,2.09,0.39430233,14.72241922
1.337463837,722.9191919,392.8888889,294.6666667,57.98989899,3.252525253,1.919191919,0.400079841,14.86130962
1.343250943,727.7272727,391.8282828,291.6767677,55.68686869,3.111111111,2.151515152,0.387615676,15.00020018
1.349038087,704.3131313,378.989899,274.3939394,48.72727273,2.474747475,1.800039063,0.36984371,15.13909162
1.35482522,685.2,365.53,261.69,45.12,2,1.54,0.375344684,15.27798283
1.360640701,663.78,353.82,249.97,43.03,2.16,1.79,0.358067348,15.41755435
1.366457326,661.23,349.83,251.43,50.81,5.75,3.54,0.509615313,15.55715336
1.372244432,643.97,336.88,233.52,38.03,1.53,1.6,0.322390435,15.6960439
1.378031532,628.26,327.33,225.46,35.25,1.84,1.52,0.32044352,15.83493431
1.383818625,615.030303,316.2929293,215.1010101,32.70707071,1.535353535,1.444444444,0.320743119,15.97382454
1.389605712,616.85,320.11,214.2,33.93,1.65,1.36,0.320304196,16.11271463
1.395392796,618.8265306,317.1122449,212.7040816,31.7244898,1.336734694,1.051020408,0.308868143,16.25160464
1.401179876,619.1313131,319.5252525,214.5353535,32.56565657,1.363636364,1.303030303,0.310213743,16.39049456
1.40696695,618.2020202,318.5353535,214.0909091,32.58585859,1.353535354,1.282828283,0.307610541,16.52938433
1.412754021,618.77,315.69,212.92,31.82,1.34,1.16,0.294767563,16.66827404
1.41854109,616.1428571,318.8265306,212.2755102,32.3877551,1.5,1.275510204,0.319246095,16.80716371
1.424328156,615.1313131,318.4545455,213.010101,32.26262626,1.373737374,1.202020202,0.307305349,16.94605329
1.430115221,618.2323232,317.2626263,211.9191919,31.96969697,1.191919192,2.066240234,0.300659098,17.08494285
1.435902359,616.2121212,319.020202,213.3131313,32.23232323,1.292929293,1.414141414,0.329343602,17.22383415
1.441689528,614.62,316.62,214.09,33,1.59,1.46,0.305361171,17.3627262
1.447476679,617.7373737,318.6161616,212.6262626,32.77777778,1.484848485,1.494949495,0.296800921,17.50161784
1.453263823,620.0505051,319.7676768,215.8686869,33.17171717,1.808080808,1.747474747,0.308589638,17.64050929
1.459050954,621.89,321.11,217.52,33.98,2.18,1.91,0.316988829,17.77940045
1.464838075,627.78,326.51,223.8,38.39,3.84,2.39,0.393781418,17.91829134
1.470625239,629.8080808,327.2121212,219.9191919,33.31313131,1.525252525,1.202020202,0.311295896,18.05718326
1.476412415,634.1515152,331.4949495,221.7777778,33.67676768,1.454545455,1.313131313,0.30022746,18.19607549
1.48219958,645.06,336.49,232.54,38.27,2.89,2.2,0.428194133,18.33496745
1.487986728,647.62,337.29,226.22,35.19,2.02,1.55,0.349982666,18.473859
1.493773862,644.6565657,334.6969697,225.8484848,35.13131313,1.676767677,1.363636364,0.329497181,18.61275023
1.49956099,649.7575758,335.7171717,226.969697,35.1010101,1.383838384,1.353535354,0.314587185,18.7516413
1.505348108,659.74,340.11,227.06,34.24,1.61,1.34,0.299106484,18.89053213
1.51113523,613.7777778,309.2424242,198.4444444,28.66666667,1.464646465,1.666666667,0.307208397,19.02942306
1.516922364,598.53,302.15,195.72,28.53,1.82,1.54,0.305339756,19.16831427
1.522709488,620.91,317.34,209.69,31.39,1.53,0.95,0.299774294,19.30720524
1.528496602,646.9795918,328.7244898,219.9081633,33.55102041,1.397959184,1,0.296022295,19.44609598
1.534283708,655.4795918,335.877551,225.4693878,34.15306122,1.153061224,1,0.323137475,19.58498652
1.540070806,656.0909091,336.2929293,227.8585859,33.80808081,1.202020202,1,0.300952543,19.72387688
1.545857901,654.22,335.11,225.12,33.9,1.25,1,0.304026217,19.86276717
1.551645005,655.3030303,328.9090909,216.4949495,31.21212121,1.161616162,1.050505051,0.300659081,20.00165766
1.557432143,624.5,312.57,203.17,29.37,1.08,1,0.30449906,20.14054896
1.563219271,624.99,316.15,207.82,30.95,1.08,1.1,0.31331091,20.27944004
1.569006391,637.0408163,320.1530612,214.6326531,32.26530612,1.346938776,1,0.309514815,20.41833092
1.574793504,645.99,329.26,218.03,33.53,1.31,1.04,0.342015611,20.55722163
1.580580612,658.1010101,331.7777778,220.3333333,32.87878788,1.474747475,1.060606061,0.319567127,20.69611223
1.586367734,663.6,332.92,217.48,33.05,1.97,1.28,0.368128894,20.83500315
1.592154854,652.93,330.77,217.55,32.69,1.6,1.15,0.319545769,20.97389404
1.59794199,644.6428571,326.1836735,216.2040816,32.51020408,1.724489796,1.102040816,0.326934359,21.11278529
1.603729119,634.7171717,320.3030303,213.5252525,32.08080808,1.838383838,1.151515152,0.329776718,21.2516764
1.609516239,635.31,320.1,209.55,30.87,1.61,1,0.311491845,21.39056727
1.615303348,631.5151515,317.7373737,205.4040404,29.31313131,1.313131313,1.060606061,0.302971779,21.5294579
1.621090452,622.06,311.92,199.7,27.21,1.19,1,0.315706112,21.66834838
1.626877548,611.57,305.58,194,26.69,1.15,1,0.297859913,21.8072387
1.632664644,619.37,308.24,198.63,31.19,3.33,2.26,0.377223563,21.946129
1.638451776,610.68,305.1,191.46,25.06,1.08,1.05,0.279363366,22.08502015
1.644238909,592.53,294.06,181.13,23.11,1.05,1,0.283758585,22.22391136
1.650026033,590.56,291.97,180.68,23.86,1.39,1.14,0.285469214,22.36280232
1.655813148,586.71,289.56,175.97,21.5,1,0.96,0.278269775,22.5016931
1.661623402,579.4,283.97,170.89,20.68,0.93,0.96,0.266182909,22.64113919
1.667445224,575.979798,278.8484848,172.9292929,22.85858586,1.696969697,1.595959596,0.313460257,22.78086291
1.67323232,574.14,281.1,168.47,20.42,0.95,1.1,0.260991512,22.91975322
1.679019449,572.3636364,277.8181818,169.7272727,20.72727273,0.949494949,0.919191919,0.264680628,23.05864431
1.6848361,570.6464646,278.6161616,169.959596,21.66666667,1.090909091,1.050505051,0.264674851,23.19824394
1.690651585,573.65,280.88,172.28,21.16,0.9,1.02,0.26853428,23.33781558
1.696438703,573.8787879,285.1111111,177.5252525,25.90909091,2.727272727,1.804123711,0.617226389,23.47670642
1.702225814,597.45,292.92,179.09,21.86,1.05,1.13,0.294327517,23.61559708
1.708012917,600.13,295.05,180.78,22.77,1,1.21,0.283151327,23.75448754
1.713800015,605.1326531,299.8673469,183.8367347,22.86734694,1.367346939,1.510204082,0.33539557,23.89337791
1.719587133,601.91,297.86,181.69,23.14,1,1.11,0.276740422,24.03226873
1.725374273,599.1122449,293.4081633,180.9387755,22.84693878,1.040816327,1.091836735,0.282219991,24.1711601
1.731161405,605.59,297.35,184.76,23.66,1.1,1,0.284487338,24.31005125
1.736948526,612.7171717,303.7272727,187.040404,23.34343434,1.050505051,1.080808081,0.279091611,24.44894218
1.742735638,621.67,308.7,190.25,23.27,1.22,1.14,0.276751912,24.58783284
1.74852274,623.57,309.62,190.84,23.08,0.98989899,1.17,0.275978487,24.7267233
1.75430984,626.969697,308.5656566,189.7171717,23.09090909,1.101010101,1.202020202,0.269036311,24.86561371
1.76009695,631.99,312.3,192.28,23.36,0.96,1.09,0.278979622,25.00450435
1.765884095,633.7878788,312.6161616,192.0909091,23.31313131,1.09,1.101010101,0.268844837,25.14339582
1.771671228,631.45,309.63,191.1,22.67,0.95,1.07,0.276426448,25.28228701
1.777458328,633.3636364,312.3535354,191.6161616,22.95959596,0.949494949,1.101010101,0.272091754,25.42117742
1.783245414,640.1212121,316.3131313,193.9292929,23.49494949,1,1.806240234,0.272172595,25.56006747
1.789032497,648.33,317.64,196.73,23.47,1,1.15,0.278343197,25.69895746
1.794819574,654.39,321.71,198.51,23.56,1.02,1.41,0.275351199,25.83784732
1.800606659,646.0909091,317.7979798,195.7272727,23.53535354,1.181818182,1.313131313,0.272228407,25.97673735
1.806393761,650.1212121,321.0606061,197.2727273,24.22222222,1.131313131,1.292929293,0.293612783,26.11562781
1.812180865,649.02,320.87,198.01,23.86,1,1.22,0.271498762,26.2545183
1.817967962,650.1122449,322.3265306,197.9591837,23.23469388,1,1.040816327,0.272499909,26.39340862
1.823755059,654.3232323,320.3939394,197.1818182,23.24242424,1.101010101,1.212121212,0.270957855,26.53229896
1.829542152,663.45,325.69,200.14,23.54,0.95,1.22,0.276966084,26.6711892
1.835329244,667.25,326.55,201.68,23.81,1,1.25,0.275840086,26.8100794
1.841116335,670.25,328.71,200.5,24.27,0.94,1.05,0.278543545,26.94896959
1.846903444,677.51,332.19,201.33,23.18,1.13,1.15,0.283534087,27.08786018
1.852690554,692.7,340.08,211.05,28.13,2.78,2.1,0.342206684,27.22675084
1.858477664,681.1428571,334.5918367,203.7755102,23.7244898,1.051020408,1.132653061,0.2719683,27.36564147
1.864264768,654.54,323.73,199.3,24.53,1.14,1.19,0.271362636,27.50453196
1.870051868,636.88,313.33,194.55,23.56,1.04,1.2,0.270771173,27.64342238
1.875838965,630.39,310.48,192.42,22.59,1.04,1.22,0.26426841,27.7823127
1.88162606,631.83,310.39,187.29,21.47,1.05,1,0.271435148,27.92120298
1.887413152,627.2020202,305.1212121,182.1919192,20.71717172,1,1.090909091,0.257942443,28.06009319
1.893200241,613.82,298.42,179.7,20.57,1.05,1.18,0.263225696,28.19898331
1.898987328,619.7653061,299.8469388,183.8469388,26.02040816,3.510204082,2.255102041,0.394200957,28.33787342
1.904774413,601.4343434,286.6060606,166.7070707,17.70707071,0.939393939,1.050505051,0.266854788,28.47676344
1.910561496,597.25,283.78,162.62,16.71,0.77,1,0.240139843,28.61565344
1.916348575,590.4897959,279.9183673,159.6122449,16.51020408,0.918367347,1.283571438,0.239127513,28.75454334
1.922135653,582.2,276.67,160.74,22.05,3.65,3.02,0.330395794,28.89343322
1.927922731,573.35,269.62,152.65,16.32,1.18,1.29,0.263264896,29.03232309
1.933709805,581.4141414,271.6969697,153.4040404,15.70707071,0.777777778,1,0.248144782,29.17121286
1.939496879,579.1717172,272.6464646,152.7171717,15.36363636,0.858585859,1.111111111,0.237805341,29.31010264
1.945283952,579.4747475,269.6363636,151.4242424,15.50505051,0.777777778,1,0.247182498,29.44899238
1.951071023,585.75,270.26,152.79,15.16,0.97,1.05,0.234906595,29.5878821
1.956858091,583.12,272.21,152.01,15.61,0.97,1.1,0.242187218,29.72677173
1.962645194,565.6938776,262.7142857,146.5816327,14.87755102,0.948979592,1.147368421,0.2428846,29.8656622
1.968432326,591.5353535,274.5252525,154.5454545,14.87878788,1,1.222222222,0.241252269,30.00455337
1.974219472,596.6530612,276.8979592,155.1020408,15.64285714,0.948979592,1.244897959,0.240947546,30.14344486
1.980006612,594.16,277.58,153.66,15.62,0.95,1.16,0.236277833,30.28233623
1.985793747,601.9191919,278.6363636,156.1313131,15.33333333,0.949494949,1.050505051,0.243298193,30.42122746
1.991580875,609.77,283.24,159.66,15.98,0.98,1.08,0.23982851,30.56011854
1.997368001,616.1010101,283.969697,156.7171717,15.93939394,0.98989899,1.303030303,0.241663876,30.69900956
2.003155121,620.5656566,285.1616162,159.2323232,15.82828283,0.777777778,1.404040404,0.254763618,30.83790045
2.00894224,620.84,287.48,160.29,16.27,0.86,1.29,0.249292196,30.97679131
2.014729378,612.7676768,284.2929293,158.9292929,15.15151515,0.717171717,1.154639175,0.248714394,31.1156826
2.020516512,635.21,293.68,163.62,16.43,1,1.24,0.244699502,31.25457383
2.026303642,626.17,290.39,162.96,16.11,0.93,1.316326531,0.251069806,31.39346495
2.032090764,656.39,302.34,172.18,17.08,1,1.16,0.247859366,31.53235588
2.037877887,655.6565657,299.2121212,168.9090909,16.95959596,1,1.111111111,0.245423236,31.67124682
2.043665001,648.6464646,296.3030303,165.8585859,16.49494949,0.97979798,1.242424242,0.2486703,31.81013756
2.049452114,646.87,296.64,167.24,15.98,1.22,1.57,0.259429548,31.94902827
2.055239246,645.73,295.39,165.52,16.38,0.99,1.38,0.241686552,32.08791944
2.061026376,654.47,297.99,167.06,16.51,0.98,1.25,0.251206864,32.22681055
2.066813505,670.57,304.73,173.7,20.39,2.4,2.09,0.330695415,32.36570165
2.072600625,674.2424242,304.1717172,168.989899,16.58585859,0.898989899,1.171717172,0.242731219,32.50459254
2.078387743,683.5252525,306.3838384,170.8484848,16.85858586,0.909090909,1.252525253,0.253231971,32.64348337
2.084174856,686.0103093,308.0515464,171.9381443,17.26804124,1.103092784,2.047183913,0.252925315,32.78237409
2.089961966,679.7373737,305.1111111,169.1515152,16.37373737,1.111111111,1.282828283,0.252362688,32.92126473
2.095749073,681.69,304.43,167.62,16.44,0.98,1.19,0.247944171,33.06015529
2.101536177,690.79,308.76,169.79,16.69,1.18,1.38,0.255418981,33.19904578
2.107323275,705.4848486,312.7474748,171.7979799,17.25252535,1.151515252,1.686868788,0.254370628,33.33793615
2.113110372,728.27,320.52,173.67,16.87,1.09,1.16,0.255798019,33.47682647
2.118897464,740.1010101,326.2525253,173.5050505,16.60606061,0.96969697,1.494949495,0.258096552,33.61571667
2.124684557,745.9494949,325.5050505,176.3838384,17.11111111,0.949494949,1.585858586,0.257507532,33.75460691
2.130471645,733.48,319.23,175.33,17.54,1,1.3,0.250908842,33.89349703
2.136258731,740.5555556,326.2525253,178.8787879,17.66666667,1.151515152,1.191919192,0.26941532,34.03238709
2.142045817,766.122449,342.3163265,193.6326531,21.78571429,1.948979592,1.714285714,0.303831235,34.17127714
2.147832899,795.39,354.22,197.71,19.81,0.86,1.22,0.259231268,34.31016711
2.153620026,821.58,365.73,208.52,21.73,0.86,1.14,0.284715694,34.44905816
2.15940716,841.9183673,379.8979592,219.4387755,22.54081633,0.836734694,1.469387755,0.297423746,34.58794937
2.165194285,865.3030303,394.8787879,227.7171717,24.34343434,0.91,1.333333333,0.291007764,34.72684039
2.17098141,898.97,417.79,248.45,26.65,1.05,1.7,0.305134677,34.86573138
2.176768538,936.83,433.79,256.73,27.63,1.04,1.76,0.326550379,35.00462246
2.182555677,959.43,444.55,263.13,29.46,1.59,2.08,0.335016539,35.14351379
2.188342813,968.11,446.65,264.99,29.37,1.07,1.77,0.325797766,35.28240505
2.194129944,979.22,453.22,266.42,29.63,1.15,2.05,0.325338394,35.4212962
2.199917068,1007.373737,460.3636364,271.7474747,30.43434343,1.202020202,1.95959596,0.32386796,35.56018717
2.205704191,997.4747475,461.3333333,274.5757576,30.7979798,1.353535354,2.101010101,0.327340143,35.69907812
2.211491305,1001.28,465.08,277.22,31.25,1.1,1.98,0.335981738,35.83796885
2.217278424,1017.5,472.75,283.5,31.8,1.16,1.85,0.332826373,35.97685971
2.223065559,1046.929293,483.8181818,287.9393939,32.56565657,1.252525253,2.060606061,0.335237307,36.11575095
2.228852693,1073.070707,494.5757576,295.7777778,33.43434343,1.161616162,1.838383838,0.323853195,36.25464216
2.234639818,1076.444444,496.6060606,297.5353535,33.60606061,1.04040404,1.888888889,0.348061506,36.39353317
2.240426943,1077.66,497.01,295.25,32.9,1.37,2.17,0.459493497,36.53242417
2.24621406,1089.86,503.06,296.41,32.53,1.35,1.85,0.348491709,36.67131499
2.252001176,1098.606061,506.8787879,300.4444444,32.77777778,1.050505051,2.101010101,0.353665025,36.81020577
2.257788289,1091.752577,502.9175258,294.5154639,32.12371134,1.536082474,2.309278351,0.365589705,36.94909648
2.263575417,1099.808081,508.3636364,300.1919192,33.31313131,1.242424242,2.090909091,0.344462219,37.08798756
2.269362549,1131.14433,520.8865979,306.6391753,34.2371134,1.12371134,2.628826531,0.345799329,37.22687871
2.275149672,1148.96,526.96,312.56,34.27,1.25,2.13,0.350325228,37.36576966
2.280936795,1166.414141,531.2525253,311.7676768,34.07070707,1.191919192,2.101010101,0.348188107,37.50466061
2.286723911,1167.040816,534.9285714,313.9591837,34.53061224,1.285714286,2.030612245,0.353909633,37.64355141
2.292511024,1169.464646,536.4444444,317.969697,35.03030303,1.373737374,2.151515152,0.36437986,37.78244212
2.298298131,1173.928571,540.5,318.4081633,34.37755102,1.265306122,2,0.351773062,37.9213327
2.304085239,1188.62,543.49,318.9,35.06,1.28,1.85,0.358079598,38.06022326
2.30987234,1226.343434,551.4747475,321.4545455,35.14141414,1.171717172,2.050505051,0.34220015,38.1991137
2.315659439,1248.46,556.3,324.37,35.15,1.09,2.06,0.348448045,38.33800407
2.321446535,1240.65,557.45,321.56,35.69,1.74,2.48,0.359697453,38.47689438
2.327233631,1263.79,563.07,326.58,35.63,1.49,2.08,0.34616816,38.61578467
2.333020718,1274.5,569.52,332.07,36.51,1.28,2.12,0.367883098,38.75467478
2.338807807,1284.18,572.59,335.43,36.26,1.42,1.95,0.348786823,38.89356492
2.34459492,1299.808081,575.010101,335.6868687,36.44444444,1.111111111,1.797979798,0.364240694,39.03245561
2.35038206,1288.868687,571.7070708,335.6565658,35.37373747,1.272727374,1.757575858,0.350907376,39.17134699
2.356169195,1305.36,574.2,336.93,36.47,1.07,1.83,0.347124896,39.31023821
2.361956323,1306.333333,572.7272727,333.6666667,36.05050505,1.252525253,1.787878788,0.349446719,39.4491293
2.367743449,1313.77,573.68,334.61,37.34,1.71,1.85,0.374467592,39.58802032
2.373530572,1328.16,578.97,344.72,44.7,4.08,3.14,0.443379966,39.72691126
2.379317685,1378.65,594.75,345.15,41.93,4.09,2.71,0.505610315,39.86580198
2.385104804,1379.04,590.11,332.29,39.24,1.4,1.85,0.349837469,40.00469284
2.390891934,1380.616162,582.8585859,329.1515152,34.90909091,1.343434343,1.888888889,0.356428531,40.14358396
2.396679061,1357.575758,579.1111111,328.5050505,35.09090909,1.050505051,1.535353535,0.336219427,40.28247499
2.40246618,1340.76,582.35,332.48,36.05,1.21,1.88,0.361399781,40.42136586
2.4082533,1344.367347,585.71,340.4,37.23,1.39,1.65,0.362772639,40.56025675
2.414040413,1410.3,639.46,378.51,42.31,1.35,1.93,0.376628446,40.69914745
2.419827525,1473.306122,677.0816327,404.9591837,45.29591837,1.632653061,1.899029048,0.387324358,40.83803813
2.425614636,1532.20202,706.1515152,425.8989899,49.27272727,1.686868687,1.919191919,0.396662294,40.97692881
2.431401766,1582.15,740.13,451.47,53.99,1.87,2.08,0.415525251,41.11581992
2.437188895,1639.858586,763.3838384,472.5252525,57.96969697,2.242424242,2.141414141,0.444216104,41.25471102
2.442976021,1686.89,782.31,483.48,60.67,3.01,2.88,0.444938608,41.39360205
2.448763141,1689.070707,793.6464646,496.0707071,63.87878788,3.202020202,2.888888889,0.458646399,41.53249293
2.454550257,1729.21,810.11,512.71,71.95,4.89,3.49,0.527473298,41.6713837
2.46033737,1764.97,825.15,514.84,66.97,2.55,2.62,0.454212658,41.81027441
2.46612448,1785.707071,833.5353535,520.2727273,66.85858586,2.838383838,2.595959596,0.477619133,41.94916505
2.471911584,1807.757576,842.1010101,523.9393939,66.81818182,2.818181818,2.949494949,0.459150983,42.08805555
2.477698685,1815.787879,842.1010101,520.5858586,65.62626263,2.464646465,2.565656566,0.451708625,42.22694597
2.483485784,1807.51,829.59,509.07,64.1,2.58,2.55,0.459650735,42.36583635
2.48927288,1786.55,815.99,503.04,63.24,2.69,2.84,0.448980221,42.50472666
2.495059972,1774.03,807.33,496.16,61.7,2.74,2.68,0.447926885,42.64361687
2.500847062,1782.080808,810.8080808,500.4343434,62.85858586,3.151515152,3.080808081,0.458256206,42.78250703
2.506634149,1781.78,808.99,496.24,62.08,2.69,2.81,0.449459346,42.92139711
2.512421235,1786.85,810.14,497.22,62.18,2.51,2.66,0.462810013,43.06028718
2.518208319,1781.292929,810.040404,499.020202,62.06060606,2.323232323,2.777777778,0.460798649,43.19917719
2.523995398,1796.313131,817.3535354,500.5656566,62.88888889,2.333333333,2.96969697,0.460755812,43.33806708
2.529782496,1802.454545,816.4646465,502.3232323,62.68686869,2.686868687,2.828282828,0.454376956,43.47695744
2.535569628,1799.444444,816.5454545,502.3636364,62.85858586,2.323232323,2.949494949,0.44154897,43.6158486
2.541356758,1811.17,819.24,500.48,61.69,2.46,2.71,0.443230503,43.75473974
2.547143882,1824.45,826.11,511.07,71.03,5.48,4.19,0.534790233,43.8936307
2.552931014,1826.752577,816.9175258,500.257732,62.03092784,2.391752577,2.567010309,0.446927213,44.03252186
2.558718152,1811.591837,812.2142857,496.4387755,62.05102041,2.571428571,2.510204082,0.460069135,44.17141319
2.564505284,1821.66,818.87,498.89,63.96,3.18,2.96,0.545917043,44.31030436
2.570292413,1871.47,832.03,504.1,63.12,2.54,2.51,0.473479245,44.44919545
2.576079536,1870.73,836.09,510.03,64.19,2.51,2.58,0.473236764,44.5880864
2.581866654,1879.27,834.7,510.21,63.53,2.54,2.51,0.463146798,44.72697724
2.587653769,1904.701031,858.3195876,524.4845361,66.68041237,2.845360825,2.907216495,0.48824177,44.865868
2.593440889,1926.938776,870.6122449,531.244898,68.56122449,3.418367347,2.887755102,0.507399083,45.00475887
2.599228022,1937.22,875.3,533.15,66.82,2.4,2.5,0.464781454,45.14365007
2.605015154,1924.12,864.02,525.49,66.05,2.7,2.68,0.484115317,45.28254123
2.610802281,1887.626263,849.969697,515.030303,65.60606061,2.676767677,2.773195876,0.464399886,45.42143229
2.616589402,1932.21,866.05,528.81,66.57,2.59,2.75,0.472342672,45.5603232
2.622376519,1897.05,852.32,516.97,63.19,2.62,2.55,0.477213909,45.69921399
2.628163631,1861.69,839.41,508.15,64,2.44,2.7,0.45758016,45.83810468
2.633950745,1867.645833,840.875,512.3229167,63.125,2.270833333,2.625,0.46028774,45.97699543
2.639737876,1870.03,844.84,512.43,64.82,2.87,3.01,0.480965815,46.11588657
2.645525003,1892.383838,850.4848485,517.1212121,67.8989899,4.060606061,3.525252525,0.511561013,46.2547776
2.651312127,1868.081633,839.1836735,502.7244898,62.48979592,2.918367347,2.908163265,0.465189052,46.39366859
2.657099246,1880.40404,839.2121212,502.8383838,62.08080808,2.555555556,2.95959596,0.453214122,46.53255943
2.66288636,1870.464646,843.4747475,512.8181818,63.86868687,2.656565657,2.767676768,0.467631337,46.67145018
2.668673471,1848.298969,848.5463918,517.1649485,64.81443299,2.536082474,2.979381443,0.46874135,46.81034085
2.674460577,1917.16,889.1500001,562.6000001,91.8100001,12.3000001,7.4000001,0.80628274,46.94923138
2.680247678,1964.97,921.6,576.16,76.05,3,2.94,0.504634228,47.08812182
2.68603478,2078.24,984.63,626.31,85.77,3.61,3.16,0.526771756,47.22701226
2.691821877,2128.787879,1028.565657,669.0606061,96.4040404,4.060606061,3.565656566,0.546208678,47.36590258
2.697608971,2171.888889,1060.313131,701.1111111,104.3434343,4.858585859,4.080808081,0.602432907,47.50479285
2.703396062,2282.6,1129.89,754.74,116.97,6.02,5.07,0.644192953,47.64368303
2.709183152,2307.51,1146.53,773.66,120.55,6.29,5.18,0.632893152,47.78257318
2.714970237,2322.181818,1160.20202,783.8080808,122.5757576,6.95959596,5.909090909,0.662223882,47.92146323
2.720757353,2339.959596,1169.191919,790.4444444,125.1414141,6.888888889,5.909090909,0.663243461,48.06035401
2.726544492,2349.26,1181.34,802.37,126.71,6.48,5.57,0.671060656,48.19924535
2.732331628,2437.510204,1236.622449,841.8061224,132.6122449,6.806122449,5.397959184,0.668696348,48.33813661
2.738118759,2543.17,1304.51,890.86,141.39,7.31,6.38,0.741930662,48.47702775
2.743905883,2504.878788,1283.89899,877.2929293,139.7878788,8.191919192,6.727272727,0.735350599,48.61591873
2.749693001,2512.46,1281.99,877.19,137.72,6.99,6.05,0.702299111,48.75480957
2.755480116,2546.666667,1307.868687,894.7878788,142.5151515,7.535353535,6.02020202,0.701619174,48.89370031
2.76126724,2536.93,1295.74,884.4,140.34,7.18,6.01,0.697046619,49.0325913
2.767054371,2483.242424,1258.333333,853.7474747,133.1616162,6.888888889,5.848484848,0.699006202,49.17148245
2.772841497,2433.27,1229.64,832.68,129.14,7.28,6.14,0.701283324,49.31037347
2.778628619,2394.5,1223.11,836.15,131.05,7.05,6.2,0.689844795,49.44926439
2.784415734,2382.17,1207.29,817.68,126.71,7.25,6.14,0.681062114,49.58815517
2.790202848,2302.33,1169.93,788.25,122.65,7.04,5.397959184,0.744334716,49.7270459
2.795989958,2352.212121,1183.626263,799.9292929,122.2020202,6.484848485,7.312529297,0.654940272,49.86593652
2.801777074,2343.66,1185.72,793.0800001,120.5200001,6.4300001,5.4000001,0.669405912,50.00482732
2.807564207,2308.091837,1187.081633,807.244898,129.0816327,9.591836735,7.612244898,0.813212123,50.14371851
2.813351336,2297.459184,1191.755102,816,134.5510204,10.90816327,7.683673469,0.997422518,50.28260959
2.819138459,2291.59,1188.02,808.03,126.41,6.54,5.4,0.679049386,50.42150056
2.824925579,2288.97,1181.66,804.73,125.07,6.6,5.46,0.703126539,50.56039143
2.830712694,2275.242424,1169.151515,793.5353535,124.1111111,6.565656566,5.313131313,0.660320951,50.6992822
2.836499807,2267.204082,1169.785714,795.755102,125.3673469,6.642857143,5.316326531,0.681316125,50.8381729
2.842286917,2241.8,1141.96,768.19,119.7,6.26,5.13,0.676619916,50.97706355
2.848074046,2210.887755,1141.622449,772.0816327,124.1326531,8.214285714,6.040816327,0.734316252,51.11595465
2.853861174,2177.69,1110.48,752.98,114.69,5.95,5.19,0.660166104,51.25484571
2.859648298,2154.76,1103.89,743.34,116.03,6.22,5.13,0.656538094,51.39373668
2.865435416,2180.49,1121.04,769.21,120.25,6.12,5.01,0.646286847,51.53262752
2.87122253,2228.99,1146.63,788.02,125.33,6.74,5.2,0.667399193,51.67151826
2.877009639,2244,1152.171717,786.5757576,124.3131313,6.151515152,4.888888889,0.645440009,51.81040886
2.882796745,2253.77,1166.64,803.06,127.85,6.35,4.92,0.655454432,51.94929942
2.88858385,2289.071429,1183.755102,820.6020408,144.5204082,14.23469388,7.62244898,0.911602387,52.08818994
2.894370948,2294.071429,1180.561224,805.8163265,128.7755102,6.591836735,4.959183673,0.689307958,52.22708029
2.900158046,2313.11,1192.7,820.12,130.61,6.73,4.88,0.683628302,52.36597064
2.90594514,2335.94,1205.22,829.17,132.43,6.54,5.03,0.697839549,52.50486089
2.911732252,2363.373737,1204.474747,818.0505051,128.8080808,6.393939394,4.848484848,0.674284826,52.6437516
2.917519369,2390.6,1225.66,828.68,130.33,6.898989899,5.23,0.665889654,52.78264239
2.923306483,2399.04,1225.27,823.57,128.78,7.15,5.45,0.700794107,52.92153312
2.929093607,2377.99,1205.24,812.33,126.82,7.68,5.65,0.676455692,53.06042411
2.934880732,2305.424242,1165.070707,787.2020202,124.979798,6.606060606,4.987068041,0.651569256,53.19931511
2.940667856,2354.64,1197.05,808.34,127.7,6.86,4.57,0.650250221,53.33820609
2.946454974,2443.836735,1260.316327,878.9285714,146.4285714,8.193877551,5.43877551,0.686958426,53.47709691
2.952242089,2571,1342.535354,958.0505051,171.1414141,10.81818182,5.707070707,0.747875566,53.61598767
2.958029197,2672.62,1416.76,1027.88,191.11,13.22,6.83,0.787603084,53.75487826
2.963816306,2811,1508.17,1112.14,213.69,16.36,8.53,0.854794173,53.89376888
2.969603425,2964.85,1626.3,1231.96,256.1200001,22.3200001,11.6000001,0.988779529,54.03265974
2.975390555,3096.58,1711.64,1312.62,280.68,27.18,13.1,1.016114403,54.17155087
2.981177682,3159.707071,1763.565657,1367.787879,299.4949495,29.23232323,14.94949495,1.072166814,54.3104419
2.986964806,3210.86,1769.67,1363.77,293,28,14.42,1.09368561,54.44933288
2.992751923,3251.77,1798.98,1396.46,303.52,30.27,14.97,1.068092731,54.58822368
2.998539039,3263.67,1799.61,1386.3,298.67,29,13.96,1.059934632,54.72711447
3.004326147,3284.704082,1811.979592,1402.612245,301.5816327,29.30612245,14.60204082,1.083888205,54.86600508
3.010113261,3285.673469,1810.428571,1417.153061,320.2653061,35.68367347,16.16682789,1.198186501,55.00489581
3.015900392,3296.62,1807.06,1400.06,306.42,31.02,14.87,1.17423526,55.14378695
3.021687517,3333.262626,1813.444444,1405.494949,305.979798,29.82828283,13.56565657,1.069682022,55.28267796
3.027474642,3350.55,1828.78,1415.55,305.39,30,14.62,1.085074136,55.42156894
3.033261757,3373.474747,1820.464646,1406.060606,305.8585859,29.50505051,14.17171717,1.071718525,55.5604597
3.039048872,3411.49,1850.13,1431.15,311.49,31.19,14.65,1.155595393,55.69935046
3.044835979,3462.69,1854.2,1430.21,311.14,30.27,14.66,1.109871476,55.83824103
3.050623084,3588.622449,1950.316327,1530.071429,344.1122449,35.14285714,14.91836735,1.147878294,55.97713155
3.056410188,3656.71,1989.45,1559.35,354.45,36.81,15.83,1.225342023,56.11602204
3.062197285,3689.777778,2003.282828,1563.555556,352.3030303,35.81818182,14.41414141,1.134849002,56.25491238
3.067984382,3718.84,2013.84,1587.35,361.9200001,37.2900001,16.0400001,1.188149065,56.39380272
3.073771474,3748.272727,2030.969697,1594.888889,365.6969697,37.65656566,16.04040404,1.185887136,56.53269292
3.079558564,3809.15,2038.65,1598.02,362.49,37.12,16.07,1.183086082,56.67158308
3.085345654,3772.697917,2027.895833,1579.145833,352.7604167,36.5,15.59375,1.151337567,56.81047325
3.09113274,3779.8,1999.62,1539.66,339.71,35.77,15.37,1.203299002,56.9493633
3.09691983,3862.05102,2038.908163,1574.255102,350.5306122,36.56122449,15.41836735,1.342724615,57.08825346
3.102706963,3884.33,2054.79,1589.83,355.08,35.72,14.89,1.174605742,57.22714466
3.108494097,3913.94,2059.19,1587.15,351.38,35.89,16.58,1.202935362,57.36603586
3.114281228,3915.30303,2056.353535,1596.20202,353.6969697,36.37373737,16.11111111,1.185167177,57.504927
3.12006835,3972.727273,2080.656566,1613.414141,361.5555556,37.51515152,15.34343434,1.219925579,57.64381794
3.12585547,3971.535354,2081.141414,1613.474747,363.3737374,37.43434343,16.43434343,1.235740617,57.78270882
3.131642586,4021.47,2097.14,1621.54,365.85,38.61,16.29,1.19571963,57.92159961
3.137429714,4032.090909,2090.505051,1617.989899,364.7373737,37.49494949,15.12121212,1.213228698,58.06049067
3.143216843,4015.161616,2084.242424,1609.161616,361.1010101,36.81818182,15.57575758,1.172832066,58.19938178
3.14900397,4030.07,2087.44,1610.4,365.14,38.24,16.39,1.183417464,58.33827282
3.154791091,4050.16,2082.11,1608.05,361.78,36.64,15.46,1.15671587,58.47716372
3.160578208,4071.887755,2099.561224,1624.704082,366.8979592,37.7244898,15.43877551,1.205570027,58.61605453
3.166365324,4075.69,2120.03,1643.14,368.99,37.69,15.85,1.269381362,58.7549453
3.172152433,4156.83,2152.77,1663.63,372.87,38.32,15.83,1.209055924,58.89383594
3.177939554,4143.32,2153.63,1667.9,375.5900001,38.6300001,15.8100001,1.224044691,59.03272683
3.18372669,4197.316327,2178.377551,1690.683673,397.6938776,50.41836735,22.52040816,1.552346139,59.17161809
3.189513822,4220.343434,2155.262626,1635.40404,362.3535354,40.19191919,18.49494949,1.241312371,59.31050926
3.195300947,4137.232323,2103.030303,1586.444444,348.7272727,38.31313131,16.63636364,1.257238786,59.44940027
3.201088068,4062.04,2058.34,1560.88,346.4,36.18,16.01,1.146084365,59.58829117
3.206875186,4080.25,2052.59,1547.92,343.18,36,16.15,1.183019809,59.72718201
3.212662298,4214.7,2137.16,1617.12,360.67,44.16,19.99,1.269894791,59.86607269
3.218449415,4406.77,2392.69,1862.33,435.38,68.3,28.32,1.420656521,60.0049635
3.224236544,4720.34,2665.06,2110.93,512.01,89.11,32.22,1.558937485,60.14385461
3.230023669,4820.34,-86077878.17,2313.040042,579.72,105.47,4.35E+21,1.676983874,60.28274559
3.235810791,4991.78,3047.61,2509.05,648.08,120.53,36.14,1.820532392,60.42163652
3.241597908,5102.25,3153.54,2585.81,668.51,125.29,33.24,1.774607748,60.56052734
3.247385021,5208.34,3304.9,2761.77,737.5,142.7,35.48,2.010344249,60.69941804
3.253172129,5260.87,3377.720042,2816.549958,756.53,146.69,34.49,1.976065023,60.83830864
3.258959235,5391.8,3509.28,2946.88,796.19,153.31,35.83,1.976698927,60.97719919
3.264746338,-3.70E+17,3483.53,2916.96,789.7,151.59,33.07,1.958276466,61.11608965
3.270533433,5448.85,3577.62,3016.13,816.62,154.1,35.18,1.982542041,61.25497994
3.276320531,5494.06,3622.62,3042.88,826.04,158.74,34.78,2.033972271,61.39387028
3.282107624,5576.89,3675.56,3085.05,835.51,157.43,33.47,2.00422281,61.53276052
3.287894723,5619.85,3699.52,3096.33,844.34,156.96,33.98,2.115459468,61.67165089
3.29368184,5633.65,3698.81,3076.4,839.41,158.12,32.24,1.999668229,61.8105417
3.299468957,5600.71,3667.69,3035.75,822.78,155.99,32.56,2.021366451,61.94943252
3.305256085,5700.39,3733.12,3091.1,843.98,159.68,32.7,2.077284775,62.08832358
3.311043215,1.59E+27,1.59E+27,3037.320042,829.77,155.78,-43165763469,2.041773794,62.2272147
3.31683034,5771.41,3779.24,3128.13,853.6,161.19,33.36,2.039851715,62.3661057
3.322617461,5816.63,3791.2,3106.47,849.72,163.13,33.37,2.118837894,62.50499661
3.328404577,5797.79,3761.98,3076.35,847.88,161.81,33,2.015481344,62.6438874
3.334191689,-86076324.06,86085069.01,3052.720042,843.93,161.06,33.03,2.075615638,62.78277808
3.339978798,5858.2,3780.32,3070.14,842.76,158.55,30.95,2.015113601,62.9216687
3.345765921,3.70E+17,-1.59E+27,3060.720042,847.14,161.69,-4.21E+24,2.07327958,63.06055965
3.351553052,5857.52,3794.68,3082.03,855.59,163.73,33.16,2.051567183,63.19945078
3.357340178,1.59E+27,1.59E+27,3054.299958,851.22,163.81,31.65,2.083180106,63.33834182
3.363127298,86087854.42,3735.52,3078.730042,897.86,191.42,38.58999999,2.468180621,63.47723268
3.368914414,5928.45,3800.01,3075.42,849.54,161.39,30.62,2.095498827,63.61612348
3.374701529,5794.18,-1.59E+27,2993.860042,824.08,157.05,-2.13E+16,2.086298553,63.75501422
3.380488636,5520.12,3768.96,3561.61,1705.34,650.53,187.85,12.12631884,63.8939048
3.386275756,6072.18,3936.77,3211.41,937.35,212.36,55.96,2.684329421,64.03279569
3.392062884,5844.35,3526.21,2607.4,654.13,131.39,32.41,2.095082652,64.17168677
3.397850009,2400.97,1171.63,700.37,134.2,26.74,9.25,2.585329719,64.31057776
3.403637128,0,0,0,0,0,0,2.656885769,64.44946861
3.409424244,0,0,0,0,0,0,2.421756644,64.58835941
3.415211357,1.5,0.6,0.25,0,0,0,2.372010953,64.72725011
3.420998466,9.99E-08,9.99E-08,9.99E-08,9.99E-08,9.99E-08,9.99E-08,2.424332869,64.86614073
3.426785571,0,0,0,0,0,0,2.564496712,65.00503125
3.432572672,0,0,0,0,0,0,2.67350853,65.14392168
3.438359769,0,0,0,0,0,0,2.726541333,65.282812
3.444146864,0,0,0,0,0,0,2.864703906,65.42170227
3.449933957,0,0,0,0,0,0,2.992118877,65.56059252
3.455721048,0,0,0,0,0,0,3.118022494,65.6994827
3.461508136,0,0,0,0,0,0,3.189797689,65.83837281
3.467295221,9.99E-08,9.99E-08,9.99E-08,9.99E-08,9.99E-08,9.99E-08,3.281345456,65.97726284
3.473082304,0,0,0,0,0,0,3.395871649,66.11615283
3.478869412,0,0,0,0,0,0,3.478772888,66.25504343
3.484656548,0,0,0,0,0,0,3.66101939,66.39393469
3.49044368,0,0,0,0,0,0,3.831721537,66.53282587
3.496230805,0,0,0,0,0,0,3.996388349,66.67171686
3.502017927,0,0,0,0,0,0,4.012917568,66.81060778
3.507805045,0,0,0,0,0,0,4.221398634,66.94949861
3.513592176,45.47,19.76,21.96,18.39,7.05,1.46,6.496645882,67.08838976
3.519379309,0,0,0,0,0,0,5.356413106,67.22728096
3.525166436,0,0,0,0,0,0,4.394677749,67.36617201
3.530953557,0,0,0,0,0,0,3.954219625,67.50506291
3.536740674,0,0,0,0,0,0,3.736209576,67.64395372
3.542527788,0,0,0,0,0,0,3.753408757,67.78284445
3.5483149,0.12,0.06,0.06,0,0,0,3.871324031,67.92173515
3.554102027,0,0,0,0,0,0,3.921189882,68.06062618
3.55988916,0,0,0,0,0,0,4.039294396,68.19951739
3.565676287,0,0,0,0,0,0,4.340681839,68.33840843
3.571463412,0,0,0,0,0,0,4.215133298,68.47729942
